filepath,label
data/processed/train/C0/Fx10_20230719_riegoD2_CO_2023-07-19_10-13-53_ann88.npy,0
data/processed/train/C0/Fx10_20230718_riegoD1_C0_2023-07-18_07-40-18_ann68.npy,0
data/processed/train/C0/Fx10_20230724_riegoD7_C0_2023-07-24_08-11-23_ann193.npy,0
data/processed/train/C0/Fx10_20230719_riegoD3_C0_2023-07-20_07-16-12_ann116.npy,0
data/processed/train/C0/Fx10_20230721_riegoD4_C0_2023-07-21_07-19-42_ann154.npy,0
data/processed/train/C0/Fx10_20230724_riegoD7_C0_2023-07-24_08-11-23_ann194.npy,0
data/processed/train/C0/Fx10_20230719_riegoD2_CO_2023-07-19_10-13-53_ann83.npy,0
data/processed/train/C0/Fx10_20230719_riegoD2_CO_2023-07-19_10-13-53_ann82.npy,0
data/processed/train/C0/Fx10_20230725_riegoD8_C0_2023-07-25_08-01-45_ann224.npy,0
data/processed/train/C0/Fx10_20230727_riegoD10_C0_2023-07-27_08-02-33_ann261.npy,0
data/processed/train/C0/Fx10_20230718_riegoD1_C0_2023-07-18_07-40-18_ann56.npy,0
data/processed/train/C0/Fx10_20230725_riegoD8_C0_2023-07-25_08-01-45_ann204.npy,0
data/processed/train/C0/Fx10_20230726_riegoD9_C0_2023-07-26_08-16-44_ann246.npy,0
data/processed/train/C0/Fx10_20230719_riegoD2_CO_2023-07-19_10-13-53_ann77.npy,0
data/processed/train/C0/Fx10_20230718_riegoD1_C0_2023-07-18_07-40-18_ann43.npy,0
data/processed/train/C0/Fx10_20230719_riegoD3_C0_2023-07-20_07-16-12_ann111.npy,0
data/processed/train/C0/Fx10_20230719_riegoD3_C0_2023-07-20_07-16-12_ann130.npy,0
data/processed/train/C0/Fx10_20230719_riegoD2_CO_2023-07-19_10-13-53_ann91.npy,0
data/processed/train/C0/Fx10_20230724_riegoD7_C0_2023-07-24_08-11-23_ann177.npy,0
data/processed/train/C0/Fx10_20230719_riegoD2_CO_2023-07-19_10-13-53_ann80.npy,0
data/processed/train/C0/Fx10_20230726_riegoD9_C0_2023-07-26_08-16-44_ann251.npy,0
data/processed/train/C0/Fx10_20230718_riegoD1_C0_2023-07-18_07-40-18_ann71.npy,0
data/processed/train/C0/Fx10_20230717_Riego_C0_2023-07-17_09-02-21_ann4.npy,0
data/processed/train/C0/Fx10_20230727_riegoD10_C0_2023-07-27_08-02-33_ann273.npy,0
data/processed/train/C0/Fx10_20230719_riegoD3_C0_2023-07-20_07-16-12_ann120.npy,0
data/processed/train/C0/Fx10_20230719_riegoD2_CO_2023-07-19_10-13-53_ann106.npy,0
data/processed/train/C0/Fx10_20230718_riegoD1_C0_2023-07-18_07-40-18_ann36.npy,0
data/processed/train/C0/Fx10_20230727_riegoD10_C0_2023-07-27_08-02-33_ann260.npy,0
data/processed/train/C0/Fx10_20230719_riegoD3_C0_2023-07-20_07-16-12_ann138.npy,0
data/processed/train/C0/Fx10_20230727_riegoD10_C0_2023-07-27_08-02-33_ann272.npy,0
data/processed/train/C0/Fx10_20230725_riegoD8_C0_2023-07-25_08-01-45_ann225.npy,0
data/processed/train/C0/Fx10_20230718_riegoD1_C0_2023-07-18_07-40-18_ann63.npy,0
data/processed/train/C0/Fx10_20230727_riegoD10_C0_2023-07-27_08-02-33_ann271.npy,0
data/processed/train/C0/Fx10_20230717_Riego_C0_2023-07-17_09-02-21_ann11.npy,0
data/processed/train/C0/Fx10_20230724_riegoD7_C0_2023-07-24_08-11-23_ann200.npy,0
data/processed/train/C0/Fx10_20230719_riegoD3_C0_2023-07-20_07-16-12_ann114.npy,0
data/processed/train/C0/Fx10_20230719_riegoD3_C0_2023-07-20_07-16-12_ann127.npy,0
data/processed/train/C0/Fx10_20230721_riegoD4_C0_2023-07-21_07-19-42_ann161.npy,0
data/processed/train/C0/Fx10_20230724_riegoD7_C0_2023-07-24_08-11-23_ann184.npy,0
data/processed/train/C0/Fx10_20230726_riegoD9_C0_2023-07-26_08-16-44_ann250.npy,0
data/processed/train/C0/Fx10_20230719_riegoD3_C0_2023-07-20_07-16-12_ann140.npy,0
data/processed/train/C0/Fx10_20230719_riegoD2_CO_2023-07-19_10-13-53_ann101.npy,0
data/processed/train/C0/Fx10_20230718_riegoD1_C0_2023-07-18_07-40-18_ann32.npy,0
data/processed/train/C0/Fx10_20230719_riegoD3_C0_2023-07-20_07-16-12_ann117.npy,0
data/processed/train/C0/Fx10_20230725_riegoD8_C0_2023-07-25_08-01-45_ann210.npy,0
data/processed/train/C0/Fx10_20230719_riegoD2_CO_2023-07-19_10-13-53_ann74.npy,0
data/processed/train/C0/Fx10_20230719_riegoD3_C0_2023-07-20_07-16-12_ann136.npy,0
data/processed/train/C0/Fx10_20230724_riegoD7_C0_2023-07-24_08-11-23_ann189.npy,0
data/processed/train/C0/Fx10_20230725_riegoD8_C0_2023-07-25_08-01-45_ann212.npy,0
data/processed/train/C0/Fx10_20230717_Riego_C0_2023-07-17_09-02-21_ann22.npy,0
data/processed/train/C0/Fx10_20230717_Riego_C0_2023-07-17_09-02-21_ann18.npy,0
data/processed/train/C0/Fx10_20230718_riegoD1_C0_2023-07-18_07-40-18_ann46.npy,0
data/processed/train/C0/Fx10_20230725_riegoD8_C0_2023-07-25_08-01-45_ann218.npy,0
data/processed/train/C0/Fx10_20230726_riegoD9_C0_2023-07-26_08-16-44_ann235.npy,0
data/processed/train/C0/Fx10_20230718_riegoD1_C0_2023-07-18_07-40-18_ann50.npy,0
data/processed/train/C0/Fx10_20230717_Riego_C0_2023-07-17_09-02-21_ann29.npy,0
data/processed/train/C0/Fx10_20230721_riegoD4_C0_2023-07-21_07-19-42_ann172.npy,0
data/processed/train/C0/Fx10_20230725_riegoD8_C0_2023-07-25_08-01-45_ann221.npy,0
data/processed/train/C0/Fx10_20230725_riegoD8_C0_2023-07-25_08-01-45_ann226.npy,0
data/processed/train/C0/Fx10_20230717_Riego_C0_2023-07-17_09-02-21_ann7.npy,0
data/processed/train/C0/Fx10_20230719_riegoD3_C0_2023-07-20_07-16-12_ann135.npy,0
data/processed/train/C0/Fx10_20230719_riegoD2_CO_2023-07-19_10-13-53_ann103.npy,0
data/processed/train/C0/Fx10_20230717_Riego_C0_2023-07-17_09-02-21_ann19.npy,0
data/processed/train/C0/Fx10_20230721_riegoD4_C0_2023-07-21_07-19-42_ann150.npy,0
data/processed/train/C0/Fx10_20230721_riegoD4_C0_2023-07-21_07-19-42_ann171.npy,0
data/processed/train/C0/Fx10_20230717_Riego_C0_2023-07-17_09-02-21_ann20.npy,0
data/processed/train/C0/Fx10_20230727_riegoD10_C0_2023-07-27_08-02-33_ann262.npy,0
data/processed/train/C0/Fx10_20230718_riegoD1_C0_2023-07-18_07-40-18_ann58.npy,0
data/processed/train/C0/Fx10_20230725_riegoD8_C0_2023-07-25_08-01-45_ann216.npy,0
data/processed/train/C0/Fx10_20230727_riegoD10_C0_2023-07-27_08-02-33_ann259.npy,0
data/processed/train/C0/Fx10_20230719_riegoD2_CO_2023-07-19_10-13-53_ann107.npy,0
data/processed/train/C0/Fx10_20230719_riegoD2_CO_2023-07-19_10-13-53_ann104.npy,0
data/processed/train/C0/Fx10_20230724_riegoD7_C0_2023-07-24_08-11-23_ann182.npy,0
data/processed/train/C0/Fx10_20230718_riegoD1_C0_2023-07-18_07-40-18_ann62.npy,0
data/processed/train/C0/Fx10_20230727_riegoD10_C0_2023-07-27_08-02-33_ann252.npy,0
data/processed/train/C0/Fx10_20230718_riegoD1_C0_2023-07-18_07-40-18_ann65.npy,0
data/processed/train/C0/Fx10_20230724_riegoD7_C0_2023-07-24_08-11-23_ann201.npy,0
data/processed/train/C0/Fx10_20230719_riegoD3_C0_2023-07-20_07-16-12_ann142.npy,0
data/processed/train/C0/Fx10_20230719_riegoD2_CO_2023-07-19_10-13-53_ann75.npy,0
data/processed/train/C0/Fx10_20230718_riegoD1_C0_2023-07-18_07-40-18_ann45.npy,0
data/processed/train/C0/Fx10_20230721_riegoD4_C0_2023-07-21_07-19-42_ann157.npy,0
data/processed/train/C0/Fx10_20230718_riegoD1_C0_2023-07-18_07-40-18_ann59.npy,0
data/processed/train/C0/Fx10_20230718_riegoD1_C0_2023-07-18_07-40-18_ann47.npy,0
data/processed/train/C0/Fx10_20230719_riegoD3_C0_2023-07-20_07-16-12_ann141.npy,0
data/processed/train/C0/Fx10_20230727_riegoD10_C0_2023-07-27_08-02-33_ann266.npy,0
data/processed/train/C0/Fx10_20230719_riegoD3_C0_2023-07-20_07-16-12_ann122.npy,0
data/processed/train/C0/Fx10_20230717_Riego_C0_2023-07-17_09-02-21_ann21.npy,0
data/processed/train/C0/Fx10_20230724_riegoD7_C0_2023-07-24_08-11-23_ann180.npy,0
data/processed/train/C0/Fx10_20230718_riegoD1_C0_2023-07-18_07-40-18_ann66.npy,0
data/processed/train/C0/Fx10_20230719_riegoD2_CO_2023-07-19_10-13-53_ann87.npy,0
data/processed/train/C0/Fx10_20230726_riegoD9_C0_2023-07-26_08-16-44_ann242.npy,0
data/processed/train/C0/Fx10_20230721_riegoD4_C0_2023-07-21_07-19-42_ann166.npy,0
data/processed/train/C0/Fx10_20230719_riegoD2_CO_2023-07-19_10-13-53_ann93.npy,0
data/processed/train/C0/Fx10_20230721_riegoD4_C0_2023-07-21_07-19-42_ann156.npy,0
data/processed/train/C0/Fx10_20230718_riegoD1_C0_2023-07-18_07-40-18_ann60.npy,0
data/processed/train/C0/Fx10_20230724_riegoD7_C0_2023-07-24_08-11-23_ann179.npy,0
data/processed/train/C0/Fx10_20230719_riegoD3_C0_2023-07-20_07-16-12_ann128.npy,0
data/processed/train/C0/Fx10_20230725_riegoD8_C0_2023-07-25_08-01-45_ann205.npy,0
data/processed/train/C0/Fx10_20230727_riegoD10_C0_2023-07-27_08-02-33_ann254.npy,0
data/processed/train/C0/Fx10_20230718_riegoD1_C0_2023-07-18_07-40-18_ann37.npy,0
data/processed/train/C0/Fx10_20230721_riegoD4_C0_2023-07-21_07-19-42_ann148.npy,0
data/processed/train/C0/Fx10_20230717_Riego_C0_2023-07-17_09-02-21_ann17.npy,0
data/processed/train/C0/Fx10_20230717_Riego_C0_2023-07-17_09-02-21_ann3.npy,0
data/processed/train/C0/Fx10_20230725_riegoD8_C0_2023-07-25_08-01-45_ann222.npy,0
data/processed/train/C0/Fx10_20230718_riegoD1_C0_2023-07-18_07-40-18_ann34.npy,0
data/processed/train/C0/Fx10_20230719_riegoD3_C0_2023-07-20_07-16-12_ann129.npy,0
data/processed/train/C0/Fx10_20230721_riegoD4_C0_2023-07-21_07-19-42_ann174.npy,0
data/processed/train/C0/Fx10_20230725_riegoD8_C0_2023-07-25_08-01-45_ann217.npy,0
data/processed/train/C0/Fx10_20230719_riegoD2_CO_2023-07-19_10-13-53_ann98.npy,0
data/processed/train/C0/Fx10_20230719_riegoD3_C0_2023-07-20_07-16-12_ann125.npy,0
data/processed/train/C0/Fx10_20230719_riegoD3_C0_2023-07-20_07-16-12_ann126.npy,0
data/processed/train/C0/Fx10_20230719_riegoD2_CO_2023-07-19_10-13-53_ann92.npy,0
data/processed/train/C0/Fx10_20230721_riegoD4_C0_2023-07-21_07-19-42_ann149.npy,0
data/processed/train/C0/Fx10_20230718_riegoD1_C0_2023-07-18_07-40-18_ann70.npy,0
data/processed/train/C0/Fx10_20230721_riegoD4_C0_2023-07-21_07-19-42_ann145.npy,0
data/processed/train/C0/Fx10_20230725_riegoD8_C0_2023-07-25_08-01-45_ann209.npy,0
data/processed/train/C0/Fx10_20230721_riegoD4_C0_2023-07-21_07-19-42_ann164.npy,0
data/processed/train/C0/Fx10_20230721_riegoD4_C0_2023-07-21_07-19-42_ann160.npy,0
data/processed/train/C0/Fx10_20230718_riegoD1_C0_2023-07-18_07-40-18_ann33.npy,0
data/processed/train/C0/Fx10_20230725_riegoD8_C0_2023-07-25_08-01-45_ann223.npy,0
data/processed/train/C0/Fx10_20230718_riegoD1_C0_2023-07-18_07-40-18_ann69.npy,0
data/processed/train/C0/Fx10_20230727_riegoD10_C0_2023-07-27_08-02-33_ann269.npy,0
data/processed/train/C0/Fx10_20230717_Riego_C0_2023-07-17_09-02-21_ann23.npy,0
data/processed/train/C0/Fx10_20230726_riegoD9_C0_2023-07-26_08-16-44_ann247.npy,0
data/processed/train/C0/Fx10_20230719_riegoD2_CO_2023-07-19_10-13-53_ann76.npy,0
data/processed/train/C0/Fx10_20230726_riegoD9_C0_2023-07-26_08-16-44_ann232.npy,0
data/processed/train/C0/Fx10_20230724_riegoD7_C0_2023-07-24_08-11-23_ann197.npy,0
data/processed/train/C0/Fx10_20230726_riegoD9_C0_2023-07-26_08-16-44_ann230.npy,0
data/processed/train/C0/Fx10_20230724_riegoD7_C0_2023-07-24_08-11-23_ann178.npy,0
data/processed/train/C0/Fx10_20230719_riegoD3_C0_2023-07-20_07-16-12_ann119.npy,0
data/processed/train/C0/Fx10_20230726_riegoD9_C0_2023-07-26_08-16-44_ann238.npy,0
data/processed/train/C0/Fx10_20230717_Riego_C0_2023-07-17_09-02-21_ann26.npy,0
data/processed/train/C0/Fx10_20230719_riegoD2_CO_2023-07-19_10-13-53_ann96.npy,0
data/processed/train/C0/Fx10_20230717_Riego_C0_2023-07-17_09-02-21_ann5.npy,0
data/processed/train/C0/Fx10_20230721_riegoD4_C0_2023-07-21_07-19-42_ann146.npy,0
data/processed/train/C0/Fx10_20230721_riegoD4_C0_2023-07-21_07-19-42_ann169.npy,0
data/processed/train/C0/Fx10_20230718_riegoD1_C0_2023-07-18_07-40-18_ann41.npy,0
data/processed/train/C0/Fx10_20230718_riegoD1_C0_2023-07-18_07-40-18_ann67.npy,0
data/processed/train/C0/Fx10_20230717_Riego_C0_2023-07-17_09-02-21_ann13.npy,0
data/processed/train/C0/Fx10_20230717_Riego_C0_2023-07-17_09-02-21_ann6.npy,0
data/processed/train/C0/Fx10_20230717_Riego_C0_2023-07-17_09-02-21_ann0.npy,0
data/processed/train/C0/Fx10_20230718_riegoD1_C0_2023-07-18_07-40-18_ann38.npy,0
data/processed/train/C0/Fx10_20230719_riegoD3_C0_2023-07-20_07-16-12_ann108.npy,0
data/processed/train/C0/Fx10_20230719_riegoD2_CO_2023-07-19_10-13-53_ann85.npy,0
data/processed/train/C0/Fx10_20230719_riegoD3_C0_2023-07-20_07-16-12_ann109.npy,0
data/processed/train/C0/Fx10_20230726_riegoD9_C0_2023-07-26_08-16-44_ann229.npy,0
data/processed/train/C0/Fx10_20230721_riegoD4_C0_2023-07-21_07-19-42_ann152.npy,0
data/processed/train/C0/Fx10_20230724_riegoD7_C0_2023-07-24_08-11-23_ann199.npy,0
data/processed/train/C0/Fx10_20230717_Riego_C0_2023-07-17_09-02-21_ann2.npy,0
data/processed/train/C0/Fx10_20230727_riegoD10_C0_2023-07-27_08-02-33_ann265.npy,0
data/processed/train/C0/Fx10_20230724_riegoD7_C0_2023-07-24_08-11-23_ann183.npy,0
data/processed/train/C0/Fx10_20230724_riegoD7_C0_2023-07-24_08-11-23_ann195.npy,0
data/processed/train/C0/Fx10_20230726_riegoD9_C0_2023-07-26_08-16-44_ann234.npy,0
data/processed/train/C0/Fx10_20230726_riegoD9_C0_2023-07-26_08-16-44_ann236.npy,0
data/processed/train/C0/Fx10_20230719_riegoD3_C0_2023-07-20_07-16-12_ann133.npy,0
data/processed/train/C0/Fx10_20230726_riegoD9_C0_2023-07-26_08-16-44_ann244.npy,0
data/processed/train/C0/Fx10_20230717_Riego_C0_2023-07-17_09-02-21_ann25.npy,0
data/processed/train/C0/Fx10_20230724_riegoD7_C0_2023-07-24_08-11-23_ann187.npy,0
data/processed/train/C0/Fx10_20230727_riegoD10_C0_2023-07-27_08-02-33_ann256.npy,0
data/processed/train/C0/Fx10_20230718_riegoD1_C0_2023-07-18_07-40-18_ann44.npy,0
data/processed/train/C0/Fx10_20230726_riegoD9_C0_2023-07-26_08-16-44_ann228.npy,0
data/processed/train/C0/Fx10_20230725_riegoD8_C0_2023-07-25_08-01-45_ann227.npy,0
data/processed/train/C0/Fx10_20230719_riegoD2_CO_2023-07-19_10-13-53_ann84.npy,0
data/processed/train/C0/Fx10_20230721_riegoD4_C0_2023-07-21_07-19-42_ann159.npy,0
data/processed/train/C0/Fx10_20230719_riegoD2_CO_2023-07-19_10-13-53_ann95.npy,0
data/processed/train/C0/Fx10_20230719_riegoD3_C0_2023-07-20_07-16-12_ann131.npy,0
data/processed/train/C0/Fx10_20230726_riegoD9_C0_2023-07-26_08-16-44_ann231.npy,0
data/processed/train/C0/Fx10_20230719_riegoD2_CO_2023-07-19_10-13-53_ann102.npy,0
data/processed/train/C0/Fx10_20230719_riegoD3_C0_2023-07-20_07-16-12_ann123.npy,0
data/processed/train/C0/Fx10_20230717_Riego_C0_2023-07-17_09-02-21_ann12.npy,0
data/processed/train/C0/Fx10_20230719_riegoD3_C0_2023-07-20_07-16-12_ann143.npy,0
data/processed/train/C0/Fx10_20230719_riegoD2_CO_2023-07-19_10-13-53_ann100.npy,0
data/processed/train/C0/Fx10_20230727_riegoD10_C0_2023-07-27_08-02-33_ann263.npy,0
data/processed/train/C0/Fx10_20230724_riegoD7_C0_2023-07-24_08-11-23_ann186.npy,0
data/processed/train/C0/Fx10_20230726_riegoD9_C0_2023-07-26_08-16-44_ann240.npy,0
data/processed/train/C0/Fx10_20230717_Riego_C0_2023-07-17_09-02-21_ann15.npy,0
data/processed/train/C0/Fx10_20230721_riegoD4_C0_2023-07-21_07-19-42_ann151.npy,0
data/processed/train/C0/Fx10_20230724_riegoD7_C0_2023-07-24_08-11-23_ann188.npy,0
data/processed/train/C0/Fx10_20230727_riegoD10_C0_2023-07-27_08-02-33_ann255.npy,0
data/processed/train/C0/Fx10_20230717_Riego_C0_2023-07-17_09-02-21_ann1.npy,0
data/processed/train/C0/Fx10_20230725_riegoD8_C0_2023-07-25_08-01-45_ann215.npy,0
data/processed/train/C0/Fx10_20230719_riegoD3_C0_2023-07-20_07-16-12_ann113.npy,0
data/processed/train/C0/Fx10_20230717_Riego_C0_2023-07-17_09-02-21_ann27.npy,0
data/processed/train/C0/Fx10_20230719_riegoD3_C0_2023-07-20_07-16-12_ann134.npy,0
data/processed/train/C0/Fx10_20230717_Riego_C0_2023-07-17_09-02-21_ann31.npy,0
data/processed/train/C0/Fx10_20230721_riegoD4_C0_2023-07-21_07-19-42_ann144.npy,0
data/processed/train/C0/Fx10_20230727_riegoD10_C0_2023-07-27_08-02-33_ann258.npy,0
data/processed/train/C0/Fx10_20230721_riegoD4_C0_2023-07-21_07-19-42_ann165.npy,0
data/processed/train/C0/Fx10_20230725_riegoD8_C0_2023-07-25_08-01-45_ann220.npy,0
data/processed/train/C0/Fx10_20230726_riegoD9_C0_2023-07-26_08-16-44_ann243.npy,0
data/processed/train/C0/Fx10_20230719_riegoD2_CO_2023-07-19_10-13-53_ann78.npy,0
data/processed/train/C0/Fx10_20230727_riegoD10_C0_2023-07-27_08-02-33_ann264.npy,0
data/processed/train/C0/Fx10_20230726_riegoD9_C0_2023-07-26_08-16-44_ann249.npy,0
data/processed/train/C0/Fx10_20230718_riegoD1_C0_2023-07-18_07-40-18_ann40.npy,0
data/processed/train/C0/Fx10_20230727_riegoD10_C0_2023-07-27_08-02-33_ann274.npy,0
data/processed/train/C0/Fx10_20230727_riegoD10_C0_2023-07-27_08-02-33_ann275.npy,0
data/processed/train/C0/Fx10_20230717_Riego_C0_2023-07-17_09-02-21_ann28.npy,0
data/processed/train/C0/Fx10_20230726_riegoD9_C0_2023-07-26_08-16-44_ann245.npy,0
data/processed/train/C0/Fx10_20230721_riegoD4_C0_2023-07-21_07-19-42_ann153.npy,0
data/processed/train/C0/Fx10_20230719_riegoD2_CO_2023-07-19_10-13-53_ann97.npy,0
data/processed/train/C0/Fx10_20230719_riegoD2_CO_2023-07-19_10-13-53_ann79.npy,0
data/processed/train/C0/Fx10_20230719_riegoD2_CO_2023-07-19_10-13-53_ann94.npy,0
data/processed/train/C0/Fx10_20230719_riegoD3_C0_2023-07-20_07-16-12_ann124.npy,0
data/processed/train/C0/Fx10_20230719_riegoD2_CO_2023-07-19_10-13-53_ann73.npy,0
data/processed/train/C0/Fx10_20230725_riegoD8_C0_2023-07-25_08-01-45_ann206.npy,0
data/processed/train/C0/Fx10_20230727_riegoD10_C0_2023-07-27_08-02-33_ann268.npy,0
data/processed/train/C0/Fx10_20230718_riegoD1_C0_2023-07-18_07-40-18_ann49.npy,0
data/processed/train/C0/Fx10_20230724_riegoD7_C0_2023-07-24_08-11-23_ann203.npy,0
data/processed/train/C0/Fx10_20230719_riegoD2_CO_2023-07-19_10-13-53_ann86.npy,0
data/processed/train/C0/Fx10_20230725_riegoD8_C0_2023-07-25_08-01-45_ann214.npy,0
data/processed/train/C0/Fx10_20230724_riegoD7_C0_2023-07-24_08-11-23_ann192.npy,0
data/processed/train/C0/Fx10_20230721_riegoD4_C0_2023-07-21_07-19-42_ann162.npy,0
data/processed/train/C0/Fx10_20230725_riegoD8_C0_2023-07-25_08-01-45_ann207.npy,0
data/processed/train/C0/Fx10_20230719_riegoD2_CO_2023-07-19_10-13-53_ann90.npy,0
data/processed/train/C0/Fx10_20230719_riegoD3_C0_2023-07-20_07-16-12_ann137.npy,0
data/processed/train/C0/Fx10_20230719_riegoD3_C0_2023-07-20_07-16-12_ann110.npy,0
data/processed/train/C0/Fx10_20230724_riegoD7_C0_2023-07-24_08-11-23_ann190.npy,0
data/processed/train/C0/Fx10_20230724_riegoD7_C0_2023-07-24_08-11-23_ann181.npy,0
data/processed/train/C0/Fx10_20230719_riegoD2_CO_2023-07-19_10-13-53_ann89.npy,0
data/processed/train/C0/Fx10_20230719_riegoD3_C0_2023-07-20_07-16-12_ann121.npy,0
data/processed/train/C1/Fx10_20230727_riegoD10_C1_2023-07-27_08-09-11_ann272.npy,1
data/processed/train/C1/Fx10_20230718_riegoD1_C1_2023-07-18_07-52-13_ann70.npy,1
data/processed/train/C1/Fx10_20230719_riegoD2_C1_2023-07-19_10-26-23_ann87.npy,1
data/processed/train/C1/Fx10_20230726_riegoD9_C1_2023-07-26_08-21-04_ann253.npy,1
data/processed/train/C1/Fx10_20230717_Riego_C1_2023-07-17_09-06-46_ann29.npy,1
data/processed/train/C1/Fx10_20230717_Riego_C1_2023-07-17_09-06-46_ann27.npy,1
data/processed/train/C1/Fx10_20230717_Riego_C1_2023-07-17_09-06-46_ann26.npy,1
data/processed/train/C1/Fx10_20230719_riegoD3_C1_2023-07-20_07-22-32_ann131.npy,1
data/processed/train/C1/Fx10_20230724_riegoD7_C1_2023-07-24_08-16-06_ann197.npy,1
data/processed/train/C1/Fx10_20230719_riegoD2_C1_2023-07-19_10-26-23_ann98.npy,1
data/processed/train/C1/Fx10_20230718_riegoD1_C1_2023-07-18_07-52-13_ann45.npy,1
data/processed/train/C1/Fx10_20230717_Riego_C1_2023-07-17_09-06-46_ann15.npy,1
data/processed/train/C1/Fx10_20230726_riegoD9_C1_2023-07-26_08-21-04_ann246.npy,1
data/processed/train/C1/Fx10_20230724_riegoD7_C1_2023-07-24_08-16-06_ann203.npy,1
data/processed/train/C1/Fx10_20230719_riegoD3_C1_2023-07-20_07-22-32_ann143.npy,1
data/processed/train/C1/Fx10_20230721_riegoD4_C1_2023-07-21_07-24-18_ann158.npy,1
data/processed/train/C1/Fx10_20230725_riegoD8_C1_2023-07-25_08-06-13_ann223.npy,1
data/processed/train/C1/Fx10_20230721_riegoD4_C1_2023-07-21_07-24-18_ann166.npy,1
data/processed/train/C1/Fx10_20230717_Riego_C1_2023-07-17_09-06-46_ann33.npy,1
data/processed/train/C1/Fx10_20230718_riegoD1_C1_2023-07-18_07-52-13_ann66.npy,1
data/processed/train/C1/Fx10_20230719_riegoD2_C1_2023-07-19_10-26-23_ann104.npy,1
data/processed/train/C1/Fx10_20230727_riegoD10_C1_2023-07-27_08-09-11_ann266.npy,1
data/processed/train/C1/Fx10_20230721_riegoD4_C1_2023-07-21_07-24-18_ann160.npy,1
data/processed/train/C1/Fx10_20230717_Riego_C1_2023-07-17_09-06-46_ann3.npy,1
data/processed/train/C1/Fx10_20230724_riegoD7_C1_2023-07-24_08-16-06_ann191.npy,1
data/processed/train/C1/Fx10_20230721_riegoD4_C1_2023-07-21_07-24-18_ann155.npy,1
data/processed/train/C1/Fx10_20230717_Riego_C1_2023-07-17_09-06-46_ann8.npy,1
data/processed/train/C1/Fx10_20230727_riegoD10_C1_2023-07-27_08-09-11_ann278.npy,1
data/processed/train/C1/Fx10_20230725_riegoD8_C1_2023-07-25_08-06-13_ann228.npy,1
data/processed/train/C1/Fx10_20230719_riegoD3_C1_2023-07-20_07-22-32_ann122.npy,1
data/processed/train/C1/Fx10_20230719_riegoD3_C1_2023-07-20_07-22-32_ann134.npy,1
data/processed/train/C1/Fx10_20230719_riegoD3_C1_2023-07-20_07-22-32_ann132.npy,1
data/processed/train/C1/Fx10_20230724_riegoD7_C1_2023-07-24_08-16-06_ann199.npy,1
data/processed/train/C1/Fx10_20230725_riegoD8_C1_2023-07-25_08-06-13_ann213.npy,1
data/processed/train/C1/Fx10_20230719_riegoD3_C1_2023-07-20_07-22-32_ann120.npy,1
data/processed/train/C1/Fx10_20230721_riegoD4_C1_2023-07-21_07-24-18_ann159.npy,1
data/processed/train/C1/Fx10_20230719_riegoD3_C1_2023-07-20_07-22-32_ann117.npy,1
data/processed/train/C1/Fx10_20230717_Riego_C1_2023-07-17_09-06-46_ann12.npy,1
data/processed/train/C1/Fx10_20230719_riegoD2_C1_2023-07-19_10-26-23_ann76.npy,1
data/processed/train/C1/Fx10_20230724_riegoD7_C1_2023-07-24_08-16-06_ann207.npy,1
data/processed/train/C1/Fx10_20230719_riegoD3_C1_2023-07-20_07-22-32_ann145.npy,1
data/processed/train/C1/Fx10_20230727_riegoD10_C1_2023-07-27_08-09-11_ann275.npy,1
data/processed/train/C1/Fx10_20230718_riegoD1_C1_2023-07-18_07-52-13_ann68.npy,1
data/processed/train/C1/Fx10_20230719_riegoD3_C1_2023-07-20_07-22-32_ann138.npy,1
data/processed/train/C1/Fx10_20230727_riegoD10_C1_2023-07-27_08-09-11_ann270.npy,1
data/processed/train/C1/Fx10_20230721_riegoD4_C1_2023-07-21_07-24-18_ann149.npy,1
data/processed/train/C1/Fx10_20230725_riegoD8_C1_2023-07-25_08-06-13_ann222.npy,1
data/processed/train/C1/Fx10_20230719_riegoD3_C1_2023-07-20_07-22-32_ann119.npy,1
data/processed/train/C1/Fx10_20230719_riegoD3_C1_2023-07-20_07-22-32_ann133.npy,1
data/processed/train/C1/Fx10_20230719_riegoD2_C1_2023-07-19_10-26-23_ann85.npy,1
data/processed/train/C1/Fx10_20230719_riegoD3_C1_2023-07-20_07-22-32_ann147.npy,1
data/processed/train/C1/Fx10_20230719_riegoD2_C1_2023-07-19_10-26-23_ann105.npy,1
data/processed/train/C1/Fx10_20230725_riegoD8_C1_2023-07-25_08-06-13_ann224.npy,1
data/processed/train/C1/Fx10_20230718_riegoD1_C1_2023-07-18_07-52-13_ann48.npy,1
data/processed/train/C1/Fx10_20230727_riegoD10_C1_2023-07-27_08-09-11_ann268.npy,1
data/processed/train/C1/Fx10_20230718_riegoD1_C1_2023-07-18_07-52-13_ann40.npy,1
data/processed/train/C1/Fx10_20230718_riegoD1_C1_2023-07-18_07-52-13_ann55.npy,1
data/processed/train/C1/Fx10_20230718_riegoD1_C1_2023-07-18_07-52-13_ann60.npy,1
data/processed/train/C1/Fx10_20230725_riegoD8_C1_2023-07-25_08-06-13_ann215.npy,1
data/processed/train/C1/Fx10_20230719_riegoD2_C1_2023-07-19_10-26-23_ann111.npy,1
data/processed/train/C1/Fx10_20230717_Riego_C1_2023-07-17_09-06-46_ann34.npy,1
data/processed/train/C1/Fx10_20230726_riegoD9_C1_2023-07-26_08-21-04_ann247.npy,1
data/processed/train/C1/Fx10_20230719_riegoD2_C1_2023-07-19_10-26-23_ann101.npy,1
data/processed/train/C1/Fx10_20230721_riegoD4_C1_2023-07-21_07-24-18_ann176.npy,1
data/processed/train/C1/Fx10_20230719_riegoD2_C1_2023-07-19_10-26-23_ann95.npy,1
data/processed/train/C1/Fx10_20230724_riegoD7_C1_2023-07-24_08-16-06_ann185.npy,1
data/processed/train/C1/Fx10_20230724_riegoD7_C1_2023-07-24_08-16-06_ann188.npy,1
data/processed/train/C1/Fx10_20230724_riegoD7_C1_2023-07-24_08-16-06_ann202.npy,1
data/processed/train/C1/Fx10_20230718_riegoD1_C1_2023-07-18_07-52-13_ann49.npy,1
data/processed/train/C1/Fx10_20230719_riegoD3_C1_2023-07-20_07-22-32_ann115.npy,1
data/processed/train/C1/Fx10_20230721_riegoD4_C1_2023-07-21_07-24-18_ann163.npy,1
data/processed/train/C1/Fx10_20230718_riegoD1_C1_2023-07-18_07-52-13_ann59.npy,1
data/processed/train/C1/Fx10_20230724_riegoD7_C1_2023-07-24_08-16-06_ann196.npy,1
data/processed/train/C1/Fx10_20230717_Riego_C1_2023-07-17_09-06-46_ann25.npy,1
data/processed/train/C1/Fx10_20230719_riegoD3_C1_2023-07-20_07-22-32_ann141.npy,1
data/processed/train/C1/Fx10_20230727_riegoD10_C1_2023-07-27_08-09-11_ann259.npy,1
data/processed/train/C1/Fx10_20230725_riegoD8_C1_2023-07-25_08-06-13_ann212.npy,1
data/processed/train/C1/Fx10_20230725_riegoD8_C1_2023-07-25_08-06-13_ann211.npy,1
data/processed/train/C1/Fx10_20230717_Riego_C1_2023-07-17_09-06-46_ann28.npy,1
data/processed/train/C1/Fx10_20230725_riegoD8_C1_2023-07-25_08-06-13_ann231.npy,1
data/processed/train/C1/Fx10_20230721_riegoD4_C1_2023-07-21_07-24-18_ann165.npy,1
data/processed/train/C1/Fx10_20230721_riegoD4_C1_2023-07-21_07-24-18_ann177.npy,1
data/processed/train/C1/Fx10_20230719_riegoD2_C1_2023-07-19_10-26-23_ann88.npy,1
data/processed/train/C1/Fx10_20230726_riegoD9_C1_2023-07-26_08-21-04_ann251.npy,1
data/processed/train/C1/Fx10_20230719_riegoD3_C1_2023-07-20_07-22-32_ann139.npy,1
data/processed/train/C1/Fx10_20230718_riegoD1_C1_2023-07-18_07-52-13_ann58.npy,1
data/processed/train/C1/Fx10_20230718_riegoD1_C1_2023-07-18_07-52-13_ann41.npy,1
data/processed/train/C1/Fx10_20230719_riegoD3_C1_2023-07-20_07-22-32_ann112.npy,1
data/processed/train/C1/Fx10_20230726_riegoD9_C1_2023-07-26_08-21-04_ann245.npy,1
data/processed/train/C1/Fx10_20230718_riegoD1_C1_2023-07-18_07-52-13_ann47.npy,1
data/processed/train/C1/Fx10_20230727_riegoD10_C1_2023-07-27_08-09-11_ann261.npy,1
data/processed/train/C1/Fx10_20230719_riegoD3_C1_2023-07-20_07-22-32_ann121.npy,1
data/processed/train/C1/Fx10_20230727_riegoD10_C1_2023-07-27_08-09-11_ann279.npy,1
data/processed/train/C1/Fx10_20230721_riegoD4_C1_2023-07-21_07-24-18_ann154.npy,1
data/processed/train/C1/Fx10_20230719_riegoD3_C1_2023-07-20_07-22-32_ann127.npy,1
data/processed/train/C1/Fx10_20230718_riegoD1_C1_2023-07-18_07-52-13_ann69.npy,1
data/processed/train/C1/Fx10_20230719_riegoD2_C1_2023-07-19_10-26-23_ann103.npy,1
data/processed/train/C1/Fx10_20230719_riegoD2_C1_2023-07-19_10-26-23_ann89.npy,1
data/processed/train/C1/Fx10_20230724_riegoD7_C1_2023-07-24_08-16-06_ann181.npy,1
data/processed/train/C1/Fx10_20230717_Riego_C1_2023-07-17_09-06-46_ann9.npy,1
data/processed/train/C1/Fx10_20230717_Riego_C1_2023-07-17_09-06-46_ann13.npy,1
data/processed/train/C1/Fx10_20230721_riegoD4_C1_2023-07-21_07-24-18_ann162.npy,1
data/processed/train/C1/Fx10_20230719_riegoD2_C1_2023-07-19_10-26-23_ann78.npy,1
data/processed/train/C1/Fx10_20230721_riegoD4_C1_2023-07-21_07-24-18_ann174.npy,1
data/processed/train/C1/Fx10_20230721_riegoD4_C1_2023-07-21_07-24-18_ann157.npy,1
data/processed/train/C1/Fx10_20230717_Riego_C1_2023-07-17_09-06-46_ann23.npy,1
data/processed/train/C1/Fx10_20230717_Riego_C1_2023-07-17_09-06-46_ann7.npy,1
data/processed/train/C1/Fx10_20230726_riegoD9_C1_2023-07-26_08-21-04_ann232.npy,1
data/processed/train/C1/Fx10_20230721_riegoD4_C1_2023-07-21_07-24-18_ann169.npy,1
data/processed/train/C1/Fx10_20230717_Riego_C1_2023-07-17_09-06-46_ann22.npy,1
data/processed/train/C1/Fx10_20230717_Riego_C1_2023-07-17_09-06-46_ann10.npy,1
data/processed/train/C1/Fx10_20230726_riegoD9_C1_2023-07-26_08-21-04_ann243.npy,1
data/processed/train/C1/Fx10_20230718_riegoD1_C1_2023-07-18_07-52-13_ann51.npy,1
data/processed/train/C1/Fx10_20230724_riegoD7_C1_2023-07-24_08-16-06_ann193.npy,1
data/processed/train/C1/Fx10_20230726_riegoD9_C1_2023-07-26_08-21-04_ann248.npy,1
data/processed/train/C1/Fx10_20230719_riegoD2_C1_2023-07-19_10-26-23_ann77.npy,1
data/processed/train/C1/Fx10_20230718_riegoD1_C1_2023-07-18_07-52-13_ann64.npy,1
data/processed/train/C1/Fx10_20230719_riegoD3_C1_2023-07-20_07-22-32_ann126.npy,1
data/processed/train/C1/Fx10_20230726_riegoD9_C1_2023-07-26_08-21-04_ann255.npy,1
data/processed/train/C1/Fx10_20230718_riegoD1_C1_2023-07-18_07-52-13_ann56.npy,1
data/processed/train/C1/Fx10_20230721_riegoD4_C1_2023-07-21_07-24-18_ann164.npy,1
data/processed/train/C1/Fx10_20230724_riegoD7_C1_2023-07-24_08-16-06_ann198.npy,1
data/processed/train/C1/Fx10_20230717_Riego_C1_2023-07-17_09-06-46_ann35.npy,1
data/processed/train/C1/Fx10_20230724_riegoD7_C1_2023-07-24_08-16-06_ann201.npy,1
data/processed/train/C1/Fx10_20230725_riegoD8_C1_2023-07-25_08-06-13_ann214.npy,1
data/processed/train/C1/Fx10_20230724_riegoD7_C1_2023-07-24_08-16-06_ann206.npy,1
data/processed/train/C1/Fx10_20230726_riegoD9_C1_2023-07-26_08-21-04_ann234.npy,1
data/processed/train/C1/Fx10_20230718_riegoD1_C1_2023-07-18_07-52-13_ann43.npy,1
data/processed/train/C1/Fx10_20230727_riegoD10_C1_2023-07-27_08-09-11_ann264.npy,1
data/processed/train/C1/Fx10_20230717_Riego_C1_2023-07-17_09-06-46_ann19.npy,1
data/processed/train/C1/Fx10_20230721_riegoD4_C1_2023-07-21_07-24-18_ann179.npy,1
data/processed/train/C1/Fx10_20230718_riegoD1_C1_2023-07-18_07-52-13_ann72.npy,1
data/processed/train/C1/Fx10_20230721_riegoD4_C1_2023-07-21_07-24-18_ann167.npy,1
data/processed/train/C1/Fx10_20230717_Riego_C1_2023-07-17_09-06-46_ann31.npy,1
data/processed/train/C1/Fx10_20230726_riegoD9_C1_2023-07-26_08-21-04_ann236.npy,1
data/processed/train/C1/Fx10_20230727_riegoD10_C1_2023-07-27_08-09-11_ann274.npy,1
data/processed/train/C1/Fx10_20230719_riegoD3_C1_2023-07-20_07-22-32_ann136.npy,1
data/processed/train/C1/Fx10_20230718_riegoD1_C1_2023-07-18_07-52-13_ann36.npy,1
data/processed/train/C1/Fx10_20230721_riegoD4_C1_2023-07-21_07-24-18_ann148.npy,1
data/processed/train/C1/Fx10_20230719_riegoD2_C1_2023-07-19_10-26-23_ann83.npy,1
data/processed/train/C1/Fx10_20230727_riegoD10_C1_2023-07-27_08-09-11_ann267.npy,1
data/processed/train/C1/Fx10_20230718_riegoD1_C1_2023-07-18_07-52-13_ann39.npy,1
data/processed/train/C1/Fx10_20230719_riegoD2_C1_2023-07-19_10-26-23_ann86.npy,1
data/processed/train/C1/Fx10_20230719_riegoD2_C1_2023-07-19_10-26-23_ann96.npy,1
data/processed/train/C1/Fx10_20230719_riegoD3_C1_2023-07-20_07-22-32_ann113.npy,1
data/processed/train/C1/Fx10_20230718_riegoD1_C1_2023-07-18_07-52-13_ann67.npy,1
data/processed/train/C1/Fx10_20230724_riegoD7_C1_2023-07-24_08-16-06_ann187.npy,1
data/processed/train/C1/Fx10_20230724_riegoD7_C1_2023-07-24_08-16-06_ann200.npy,1
data/processed/train/C1/Fx10_20230719_riegoD2_C1_2023-07-19_10-26-23_ann94.npy,1
data/processed/train/C1/Fx10_20230727_riegoD10_C1_2023-07-27_08-09-11_ann273.npy,1
data/processed/train/C1/Fx10_20230718_riegoD1_C1_2023-07-18_07-52-13_ann38.npy,1
data/processed/train/C1/Fx10_20230721_riegoD4_C1_2023-07-21_07-24-18_ann173.npy,1
data/processed/train/C1/Fx10_20230719_riegoD2_C1_2023-07-19_10-26-23_ann100.npy,1
data/processed/train/C1/Fx10_20230718_riegoD1_C1_2023-07-18_07-52-13_ann44.npy,1
data/processed/train/C1/Fx10_20230721_riegoD4_C1_2023-07-21_07-24-18_ann161.npy,1
data/processed/train/C1/Fx10_20230725_riegoD8_C1_2023-07-25_08-06-13_ann220.npy,1
data/processed/train/C1/Fx10_20230726_riegoD9_C1_2023-07-26_08-21-04_ann254.npy,1
data/processed/train/C1/Fx10_20230719_riegoD3_C1_2023-07-20_07-22-32_ann114.npy,1
data/processed/train/C1/Fx10_20230727_riegoD10_C1_2023-07-27_08-09-11_ann262.npy,1
data/processed/train/C1/Fx10_20230717_Riego_C1_2023-07-17_09-06-46_ann4.npy,1
data/processed/train/C1/Fx10_20230726_riegoD9_C1_2023-07-26_08-21-04_ann249.npy,1
data/processed/train/C1/Fx10_20230718_riegoD1_C1_2023-07-18_07-52-13_ann42.npy,1
data/processed/train/C1/Fx10_20230725_riegoD8_C1_2023-07-25_08-06-13_ann208.npy,1
data/processed/train/C1/Fx10_20230718_riegoD1_C1_2023-07-18_07-52-13_ann62.npy,1
data/processed/train/C1/Fx10_20230724_riegoD7_C1_2023-07-24_08-16-06_ann186.npy,1
data/processed/train/C1/Fx10_20230725_riegoD8_C1_2023-07-25_08-06-13_ann221.npy,1
data/processed/train/C1/Fx10_20230717_Riego_C1_2023-07-17_09-06-46_ann16.npy,1
data/processed/train/C1/Fx10_20230719_riegoD3_C1_2023-07-20_07-22-32_ann118.npy,1
data/processed/train/C1/Fx10_20230719_riegoD2_C1_2023-07-19_10-26-23_ann93.npy,1
data/processed/train/C1/Fx10_20230718_riegoD1_C1_2023-07-18_07-52-13_ann37.npy,1
data/processed/train/C1/Fx10_20230718_riegoD1_C1_2023-07-18_07-52-13_ann74.npy,1
data/processed/train/C1/Fx10_20230721_riegoD4_C1_2023-07-21_07-24-18_ann175.npy,1
data/processed/train/C1/Fx10_20230726_riegoD9_C1_2023-07-26_08-21-04_ann237.npy,1
data/processed/train/C1/Fx10_20230727_riegoD10_C1_2023-07-27_08-09-11_ann257.npy,1
data/processed/train/C1/Fx10_20230725_riegoD8_C1_2023-07-25_08-06-13_ann225.npy,1
data/processed/train/C1/Fx10_20230719_riegoD3_C1_2023-07-20_07-22-32_ann135.npy,1
data/processed/train/C1/Fx10_20230719_riegoD2_C1_2023-07-19_10-26-23_ann81.npy,1
data/processed/train/C1/Fx10_20230726_riegoD9_C1_2023-07-26_08-21-04_ann242.npy,1
data/processed/train/C1/Fx10_20230727_riegoD10_C1_2023-07-27_08-09-11_ann269.npy,1
data/processed/train/C1/Fx10_20230717_Riego_C1_2023-07-17_09-06-46_ann18.npy,1
data/processed/train/C1/Fx10_20230718_riegoD1_C1_2023-07-18_07-52-13_ann46.npy,1
data/processed/train/C1/Fx10_20230719_riegoD3_C1_2023-07-20_07-22-32_ann137.npy,1
data/processed/train/C1/Fx10_20230717_Riego_C1_2023-07-17_09-06-46_ann32.npy,1
data/processed/train/C1/Fx10_20230719_riegoD3_C1_2023-07-20_07-22-32_ann124.npy,1
data/processed/train/C1/Fx10_20230719_riegoD3_C1_2023-07-20_07-22-32_ann144.npy,1
data/processed/train/C1/Fx10_20230727_riegoD10_C1_2023-07-27_08-09-11_ann256.npy,1
data/processed/train/C1/Fx10_20230719_riegoD2_C1_2023-07-19_10-26-23_ann82.npy,1
data/processed/train/C1/Fx10_20230718_riegoD1_C1_2023-07-18_07-52-13_ann65.npy,1
data/processed/train/C1/Fx10_20230725_riegoD8_C1_2023-07-25_08-06-13_ann230.npy,1
data/processed/train/C1/Fx10_20230724_riegoD7_C1_2023-07-24_08-16-06_ann182.npy,1
data/processed/train/C1/Fx10_20230721_riegoD4_C1_2023-07-21_07-24-18_ann151.npy,1
data/processed/train/C1/Fx10_20230725_riegoD8_C1_2023-07-25_08-06-13_ann216.npy,1
data/processed/train/C1/Fx10_20230717_Riego_C1_2023-07-17_09-06-46_ann24.npy,1
data/processed/train/C1/Fx10_20230727_riegoD10_C1_2023-07-27_08-09-11_ann260.npy,1
data/processed/train/C1/Fx10_20230724_riegoD7_C1_2023-07-24_08-16-06_ann180.npy,1
data/processed/train/C1/Fx10_20230726_riegoD9_C1_2023-07-26_08-21-04_ann233.npy,1
data/processed/train/C1/Fx10_20230719_riegoD3_C1_2023-07-20_07-22-32_ann142.npy,1
data/processed/train/C1/Fx10_20230726_riegoD9_C1_2023-07-26_08-21-04_ann252.npy,1
data/processed/train/C1/Fx10_20230719_riegoD2_C1_2023-07-19_10-26-23_ann92.npy,1
data/processed/train/C1/Fx10_20230727_riegoD10_C1_2023-07-27_08-09-11_ann265.npy,1
data/processed/train/C1/Fx10_20230719_riegoD2_C1_2023-07-19_10-26-23_ann109.npy,1
data/processed/train/C1/Fx10_20230726_riegoD9_C1_2023-07-26_08-21-04_ann241.npy,1
data/processed/train/C1/Fx10_20230724_riegoD7_C1_2023-07-24_08-16-06_ann195.npy,1
data/processed/train/C1/Fx10_20230717_Riego_C1_2023-07-17_09-06-46_ann5.npy,1
data/processed/train/C1/Fx10_20230721_riegoD4_C1_2023-07-21_07-24-18_ann178.npy,1
data/processed/train/C1/Fx10_20230719_riegoD2_C1_2023-07-19_10-26-23_ann108.npy,1
data/processed/train/C1/Fx10_20230719_riegoD2_C1_2023-07-19_10-26-23_ann107.npy,1
data/processed/train/C1/Fx10_20230721_riegoD4_C1_2023-07-21_07-24-18_ann150.npy,1
data/processed/train/C1/Fx10_20230725_riegoD8_C1_2023-07-25_08-06-13_ann209.npy,1
data/processed/train/C1/Fx10_20230724_riegoD7_C1_2023-07-24_08-16-06_ann184.npy,1
data/processed/train/C1/Fx10_20230718_riegoD1_C1_2023-07-18_07-52-13_ann73.npy,1
data/processed/train/C1/Fx10_20230717_Riego_C1_2023-07-17_09-06-46_ann11.npy,1
data/processed/train/C1/Fx10_20230725_riegoD8_C1_2023-07-25_08-06-13_ann210.npy,1
data/processed/train/C1/Fx10_20230724_riegoD7_C1_2023-07-24_08-16-06_ann192.npy,1
data/processed/train/C1/Fx10_20230719_riegoD2_C1_2023-07-19_10-26-23_ann84.npy,1
data/processed/train/C1/Fx10_20230719_riegoD3_C1_2023-07-20_07-22-32_ann116.npy,1
data/processed/train/C1/Fx10_20230719_riegoD3_C1_2023-07-20_07-22-32_ann129.npy,1
data/processed/train/C1/Fx10_20230724_riegoD7_C1_2023-07-24_08-16-06_ann205.npy,1
data/processed/train/C1/Fx10_20230726_riegoD9_C1_2023-07-26_08-21-04_ann235.npy,1
data/processed/train/C1/Fx10_20230719_riegoD2_C1_2023-07-19_10-26-23_ann110.npy,1
data/processed/train/C1/Fx10_20230727_riegoD10_C1_2023-07-27_08-09-11_ann271.npy,1
data/processed/train/C1/Fx10_20230718_riegoD1_C1_2023-07-18_07-52-13_ann61.npy,1
data/processed/train/C1/Fx10_20230718_riegoD1_C1_2023-07-18_07-52-13_ann57.npy,1
data/processed/train/C1/Fx10_20230721_riegoD4_C1_2023-07-21_07-24-18_ann153.npy,1
data/processed/train/C2/Fx10_20230726_riegoD9_C2_2023-07-26_08-26-22_ann241.npy,2
data/processed/train/C2/Fx10_20230719_riegoD2_C2_2023-07-19_10-34-51_ann95.npy,2
data/processed/train/C2/Fx10_20230726_riegoD9_C2_2023-07-26_08-26-22_ann256.npy,2
data/processed/train/C2/Fx10_20230719_riegoD2_C2_2023-07-19_10-34-51_ann107.npy,2
data/processed/train/C2/Fx10_20230727_riegoD10_C2_2023-07-27_08-13-43_ann274.npy,2
data/processed/train/C2/Fx10_20230719_riegoD2_C2_2023-07-19_10-34-51_ann82.npy,2
data/processed/train/C2/Fx10_20230719_riegoD2_C2_2023-07-19_10-34-51_ann105.npy,2
data/processed/train/C2/Fx10_20230717_Riego_C2_2023-07-17_09-20-44_ann20.npy,2
data/processed/train/C2/Fx10_20230717_Riego_C2_2023-07-17_09-20-44_ann10.npy,2
data/processed/train/C2/Fx10_20230717_Riego_C2_2023-07-17_09-20-44_ann30.npy,2
data/processed/train/C2/Fx10_20230727_riegoD10_C2_2023-07-27_08-13-43_ann280.npy,2
data/processed/train/C2/Fx10_20230718_riegoD1_C2_2023-07-18_07-58-25_ann55.npy,2
data/processed/train/C2/Fx10_20230725_riegoD8_C2_2023-07-25_08-10-49_ann232.npy,2
data/processed/train/C2/Fx10_20230727_riegoD10_C2_2023-07-27_08-13-43_ann276.npy,2
data/processed/train/C2/Fx10_20230724_riegoD7_C2_2023-07-24_08-22-05_ann198.npy,2
data/processed/train/C2/Fx10_20230719_riegoD3_C2_2023-07-20_07-29-35_ann148.npy,2
data/processed/train/C2/Fx10_20230721_riegoD4_C2_2023-07-21_07-29-36_ann164.npy,2
data/processed/train/C2/Fx10_20230719_riegoD2_C2_2023-07-19_10-34-51_ann89.npy,2
data/processed/train/C2/Fx10_20230717_Riego_C2_2023-07-17_09-20-44_ann33.npy,2
data/processed/train/C2/Fx10_20230724_riegoD7_C2_2023-07-24_08-22-05_ann195.npy,2
data/processed/train/C2/Fx10_20230719_riegoD3_C2_2023-07-20_07-29-35_ann119.npy,2
data/processed/train/C2/Fx10_20230719_riegoD3_C2_2023-07-20_07-29-35_ann118.npy,2
data/processed/train/C2/Fx10_20230725_riegoD8_C2_2023-07-25_08-10-49_ann216.npy,2
data/processed/train/C2/Fx10_20230718_riegoD1_C2_2023-07-18_07-58-25_ann63.npy,2
data/processed/train/C2/Fx10_20230719_riegoD2_C2_2023-07-19_10-34-51_ann113.npy,2
data/processed/train/C2/Fx10_20230727_riegoD10_C2_2023-07-27_08-13-43_ann267.npy,2
data/processed/train/C2/Fx10_20230719_riegoD3_C2_2023-07-20_07-29-35_ann139.npy,2
data/processed/train/C2/Fx10_20230717_Riego_C2_2023-07-17_09-20-44_ann21.npy,2
data/processed/train/C2/Fx10_20230719_riegoD2_C2_2023-07-19_10-34-51_ann110.npy,2
data/processed/train/C2/Fx10_20230719_riegoD3_C2_2023-07-20_07-29-35_ann150.npy,2
data/processed/train/C2/Fx10_20230719_riegoD3_C2_2023-07-20_07-29-35_ann122.npy,2
data/processed/train/C2/Fx10_20230721_riegoD4_C2_2023-07-21_07-29-36_ann169.npy,2
data/processed/train/C2/Fx10_20230726_riegoD9_C2_2023-07-26_08-26-22_ann257.npy,2
data/processed/train/C2/Fx10_20230727_riegoD10_C2_2023-07-27_08-13-43_ann283.npy,2
data/processed/train/C2/Fx10_20230721_riegoD4_C2_2023-07-21_07-29-36_ann177.npy,2
data/processed/train/C2/Fx10_20230727_riegoD10_C2_2023-07-27_08-13-43_ann275.npy,2
data/processed/train/C2/Fx10_20230726_riegoD9_C2_2023-07-26_08-26-22_ann244.npy,2
data/processed/train/C2/Fx10_20230719_riegoD2_C2_2023-07-19_10-34-51_ann84.npy,2
data/processed/train/C2/Fx10_20230726_riegoD9_C2_2023-07-26_08-26-22_ann249.npy,2
data/processed/train/C2/Fx10_20230727_riegoD10_C2_2023-07-27_08-13-43_ann265.npy,2
data/processed/train/C2/Fx10_20230721_riegoD4_C2_2023-07-21_07-29-36_ann176.npy,2
data/processed/train/C2/Fx10_20230726_riegoD9_C2_2023-07-26_08-26-22_ann259.npy,2
data/processed/train/C2/Fx10_20230726_riegoD9_C2_2023-07-26_08-26-22_ann247.npy,2
data/processed/train/C2/Fx10_20230721_riegoD4_C2_2023-07-21_07-29-36_ann181.npy,2
data/processed/train/C2/Fx10_20230719_riegoD2_C2_2023-07-19_10-34-51_ann94.npy,2
data/processed/train/C2/Fx10_20230719_riegoD2_C2_2023-07-19_10-34-51_ann97.npy,2
data/processed/train/C2/Fx10_20230725_riegoD8_C2_2023-07-25_08-10-49_ann233.npy,2
data/processed/train/C2/Fx10_20230721_riegoD4_C2_2023-07-21_07-29-36_ann178.npy,2
data/processed/train/C2/Fx10_20230719_riegoD3_C2_2023-07-20_07-29-35_ann147.npy,2
data/processed/train/C2/Fx10_20230719_riegoD2_C2_2023-07-19_10-34-51_ann80.npy,2
data/processed/train/C2/Fx10_20230719_riegoD3_C2_2023-07-20_07-29-35_ann144.npy,2
data/processed/train/C2/Fx10_20230719_riegoD2_C2_2023-07-19_10-34-51_ann91.npy,2
data/processed/train/C2/Fx10_20230719_riegoD2_C2_2023-07-19_10-34-51_ann85.npy,2
data/processed/train/C2/Fx10_20230717_Riego_C2_2023-07-17_09-20-44_ann9.npy,2
data/processed/train/C2/Fx10_20230726_riegoD9_C2_2023-07-26_08-26-22_ann242.npy,2
data/processed/train/C2/Fx10_20230721_riegoD4_C2_2023-07-21_07-29-36_ann168.npy,2
data/processed/train/C2/Fx10_20230724_riegoD7_C2_2023-07-24_08-22-05_ann189.npy,2
data/processed/train/C2/Fx10_20230721_riegoD4_C2_2023-07-21_07-29-36_ann161.npy,2
data/processed/train/C2/Fx10_20230725_riegoD8_C2_2023-07-25_08-10-49_ann218.npy,2
data/processed/train/C2/Fx10_20230725_riegoD8_C2_2023-07-25_08-10-49_ann219.npy,2
data/processed/train/C2/Fx10_20230724_riegoD7_C2_2023-07-24_08-22-05_ann211.npy,2
data/processed/train/C2/Fx10_20230717_Riego_C2_2023-07-17_09-20-44_ann2.npy,2
data/processed/train/C2/Fx10_20230721_riegoD4_C2_2023-07-21_07-29-36_ann174.npy,2
data/processed/train/C2/Fx10_20230719_riegoD3_C2_2023-07-20_07-29-35_ann123.npy,2
data/processed/train/C2/Fx10_20230717_Riego_C2_2023-07-17_09-20-44_ann1.npy,2
data/processed/train/C2/Fx10_20230717_Riego_C2_2023-07-17_09-20-44_ann24.npy,2
data/processed/train/C2/Fx10_20230727_riegoD10_C2_2023-07-27_08-13-43_ann268.npy,2
data/processed/train/C2/Fx10_20230724_riegoD7_C2_2023-07-24_08-22-05_ann202.npy,2
data/processed/train/C2/Fx10_20230721_riegoD4_C2_2023-07-21_07-29-36_ann182.npy,2
data/processed/train/C2/Fx10_20230724_riegoD7_C2_2023-07-24_08-22-05_ann188.npy,2
data/processed/train/C2/Fx10_20230718_riegoD1_C2_2023-07-18_07-58-25_ann54.npy,2
data/processed/train/C2/Fx10_20230721_riegoD4_C2_2023-07-21_07-29-36_ann179.npy,2
data/processed/train/C2/Fx10_20230718_riegoD1_C2_2023-07-18_07-58-25_ann57.npy,2
data/processed/train/C2/Fx10_20230717_Riego_C2_2023-07-17_09-20-44_ann34.npy,2
data/processed/train/C2/Fx10_20230719_riegoD3_C2_2023-07-20_07-29-35_ann145.npy,2
data/processed/train/C2/Fx10_20230719_riegoD3_C2_2023-07-20_07-29-35_ann149.npy,2
data/processed/train/C2/Fx10_20230719_riegoD3_C2_2023-07-20_07-29-35_ann135.npy,2
data/processed/train/C2/Fx10_20230717_Riego_C2_2023-07-17_09-20-44_ann27.npy,2
data/processed/train/C2/Fx10_20230717_Riego_C2_2023-07-17_09-20-44_ann8.npy,2
data/processed/train/C2/Fx10_20230718_riegoD1_C2_2023-07-18_07-58-25_ann61.npy,2
data/processed/train/C2/Fx10_20230718_riegoD1_C2_2023-07-18_07-58-25_ann78.npy,2
data/processed/train/C2/Fx10_20230718_riegoD1_C2_2023-07-18_07-58-25_ann67.npy,2
data/processed/train/C2/Fx10_20230719_riegoD3_C2_2023-07-20_07-29-35_ann117.npy,2
data/processed/train/C2/Fx10_20230718_riegoD1_C2_2023-07-18_07-58-25_ann43.npy,2
data/processed/train/C2/Fx10_20230718_riegoD1_C2_2023-07-18_07-58-25_ann47.npy,2
data/processed/train/C2/Fx10_20230721_riegoD4_C2_2023-07-21_07-29-36_ann167.npy,2
data/processed/train/C2/Fx10_20230725_riegoD8_C2_2023-07-25_08-10-49_ann230.npy,2
data/processed/train/C2/Fx10_20230718_riegoD1_C2_2023-07-18_07-58-25_ann79.npy,2
data/processed/train/C2/Fx10_20230718_riegoD1_C2_2023-07-18_07-58-25_ann68.npy,2
data/processed/train/C2/Fx10_20230721_riegoD4_C2_2023-07-21_07-29-36_ann152.npy,2
data/processed/train/C2/Fx10_20230721_riegoD4_C2_2023-07-21_07-29-36_ann183.npy,2
data/processed/train/C2/Fx10_20230717_Riego_C2_2023-07-17_09-20-44_ann6.npy,2
data/processed/train/C2/Fx10_20230721_riegoD4_C2_2023-07-21_07-29-36_ann171.npy,2
data/processed/train/C2/Fx10_20230719_riegoD2_C2_2023-07-19_10-34-51_ann111.npy,2
data/processed/train/C2/Fx10_20230719_riegoD2_C2_2023-07-19_10-34-51_ann83.npy,2
data/processed/train/C2/Fx10_20230725_riegoD8_C2_2023-07-25_08-10-49_ann214.npy,2
data/processed/train/C2/Fx10_20230721_riegoD4_C2_2023-07-21_07-29-36_ann160.npy,2
data/processed/train/C2/Fx10_20230719_riegoD3_C2_2023-07-20_07-29-35_ann124.npy,2
data/processed/train/C2/Fx10_20230718_riegoD1_C2_2023-07-18_07-58-25_ann56.npy,2
data/processed/train/C2/Fx10_20230727_riegoD10_C2_2023-07-27_08-13-43_ann281.npy,2
data/processed/train/C2/Fx10_20230725_riegoD8_C2_2023-07-25_08-10-49_ann234.npy,2
data/processed/train/C2/Fx10_20230718_riegoD1_C2_2023-07-18_07-58-25_ann50.npy,2
data/processed/train/C2/Fx10_20230727_riegoD10_C2_2023-07-27_08-13-43_ann263.npy,2
data/processed/train/C2/Fx10_20230719_riegoD3_C2_2023-07-20_07-29-35_ann143.npy,2
data/processed/train/C2/Fx10_20230727_riegoD10_C2_2023-07-27_08-13-43_ann261.npy,2
data/processed/train/C2/Fx10_20230717_Riego_C2_2023-07-17_09-20-44_ann14.npy,2
data/processed/train/C2/Fx10_20230719_riegoD2_C2_2023-07-19_10-34-51_ann104.npy,2
data/processed/train/C2/Fx10_20230719_riegoD2_C2_2023-07-19_10-34-51_ann114.npy,2
data/processed/train/C2/Fx10_20230717_Riego_C2_2023-07-17_09-20-44_ann32.npy,2
data/processed/train/C2/Fx10_20230727_riegoD10_C2_2023-07-27_08-13-43_ann260.npy,2
data/processed/train/C2/Fx10_20230721_riegoD4_C2_2023-07-21_07-29-36_ann159.npy,2
data/processed/train/C2/Fx10_20230727_riegoD10_C2_2023-07-27_08-13-43_ann273.npy,2
data/processed/train/C2/Fx10_20230717_Riego_C2_2023-07-17_09-20-44_ann26.npy,2
data/processed/train/C2/Fx10_20230719_riegoD3_C2_2023-07-20_07-29-35_ann133.npy,2
data/processed/train/C2/Fx10_20230717_Riego_C2_2023-07-17_09-20-44_ann39.npy,2
data/processed/train/C2/Fx10_20230719_riegoD2_C2_2023-07-19_10-34-51_ann102.npy,2
data/processed/train/C2/Fx10_20230725_riegoD8_C2_2023-07-25_08-10-49_ann221.npy,2
data/processed/train/C2/Fx10_20230717_Riego_C2_2023-07-17_09-20-44_ann35.npy,2
data/processed/train/C2/Fx10_20230725_riegoD8_C2_2023-07-25_08-10-49_ann223.npy,2
data/processed/train/C2/Fx10_20230718_riegoD1_C2_2023-07-18_07-58-25_ann48.npy,2
data/processed/train/C2/Fx10_20230721_riegoD4_C2_2023-07-21_07-29-36_ann163.npy,2
data/processed/train/C2/Fx10_20230727_riegoD10_C2_2023-07-27_08-13-43_ann264.npy,2
data/processed/train/C2/Fx10_20230719_riegoD2_C2_2023-07-19_10-34-51_ann92.npy,2
data/processed/train/C2/Fx10_20230718_riegoD1_C2_2023-07-18_07-58-25_ann40.npy,2
data/processed/train/C2/Fx10_20230724_riegoD7_C2_2023-07-24_08-22-05_ann194.npy,2
data/processed/train/C2/Fx10_20230718_riegoD1_C2_2023-07-18_07-58-25_ann51.npy,2
data/processed/train/C2/Fx10_20230719_riegoD2_C2_2023-07-19_10-34-51_ann81.npy,2
data/processed/train/C2/Fx10_20230717_Riego_C2_2023-07-17_09-20-44_ann15.npy,2
data/processed/train/C2/Fx10_20230726_riegoD9_C2_2023-07-26_08-26-22_ann253.npy,2
data/processed/train/C2/Fx10_20230717_Riego_C2_2023-07-17_09-20-44_ann17.npy,2
data/processed/train/C2/Fx10_20230717_Riego_C2_2023-07-17_09-20-44_ann23.npy,2
data/processed/train/C2/Fx10_20230727_riegoD10_C2_2023-07-27_08-13-43_ann266.npy,2
data/processed/train/C2/Fx10_20230724_riegoD7_C2_2023-07-24_08-22-05_ann187.npy,2
data/processed/train/C2/Fx10_20230719_riegoD3_C2_2023-07-20_07-29-35_ann130.npy,2
data/processed/train/C2/Fx10_20230725_riegoD8_C2_2023-07-25_08-10-49_ann213.npy,2
data/processed/train/C2/Fx10_20230717_Riego_C2_2023-07-17_09-20-44_ann13.npy,2
data/processed/train/C2/Fx10_20230719_riegoD3_C2_2023-07-20_07-29-35_ann151.npy,2
data/processed/train/C2/Fx10_20230719_riegoD2_C2_2023-07-19_10-34-51_ann99.npy,2
data/processed/train/C2/Fx10_20230718_riegoD1_C2_2023-07-18_07-58-25_ann41.npy,2
data/processed/train/C2/Fx10_20230717_Riego_C2_2023-07-17_09-20-44_ann29.npy,2
data/processed/train/C2/Fx10_20230726_riegoD9_C2_2023-07-26_08-26-22_ann240.npy,2
data/processed/train/C2/Fx10_20230717_Riego_C2_2023-07-17_09-20-44_ann0.npy,2
data/processed/train/C2/Fx10_20230717_Riego_C2_2023-07-17_09-20-44_ann37.npy,2
data/processed/train/C2/Fx10_20230726_riegoD9_C2_2023-07-26_08-26-22_ann236.npy,2
data/processed/train/C2/Fx10_20230727_riegoD10_C2_2023-07-27_08-13-43_ann282.npy,2
data/processed/train/C2/Fx10_20230719_riegoD3_C2_2023-07-20_07-29-35_ann141.npy,2
data/processed/train/C2/Fx10_20230727_riegoD10_C2_2023-07-27_08-13-43_ann278.npy,2
data/processed/train/C2/Fx10_20230724_riegoD7_C2_2023-07-24_08-22-05_ann191.npy,2
data/processed/train/C2/Fx10_20230719_riegoD2_C2_2023-07-19_10-34-51_ann90.npy,2
data/processed/train/C2/Fx10_20230718_riegoD1_C2_2023-07-18_07-58-25_ann66.npy,2
data/processed/train/C2/Fx10_20230724_riegoD7_C2_2023-07-24_08-22-05_ann197.npy,2
data/processed/train/C2/Fx10_20230725_riegoD8_C2_2023-07-25_08-10-49_ann228.npy,2
data/processed/train/C2/Fx10_20230725_riegoD8_C2_2023-07-25_08-10-49_ann227.npy,2
data/processed/train/C2/Fx10_20230721_riegoD4_C2_2023-07-21_07-29-36_ann165.npy,2
data/processed/train/C2/Fx10_20230719_riegoD3_C2_2023-07-20_07-29-35_ann125.npy,2
data/processed/train/C2/Fx10_20230719_riegoD3_C2_2023-07-20_07-29-35_ann132.npy,2
data/processed/train/C2/Fx10_20230717_Riego_C2_2023-07-17_09-20-44_ann11.npy,2
data/processed/train/C2/Fx10_20230727_riegoD10_C2_2023-07-27_08-13-43_ann272.npy,2
data/processed/train/C2/Fx10_20230721_riegoD4_C2_2023-07-21_07-29-36_ann173.npy,2
data/processed/train/C2/Fx10_20230724_riegoD7_C2_2023-07-24_08-22-05_ann205.npy,2
data/processed/train/C2/Fx10_20230725_riegoD8_C2_2023-07-25_08-10-49_ann225.npy,2
data/processed/train/C2/Fx10_20230719_riegoD2_C2_2023-07-19_10-34-51_ann108.npy,2
data/processed/train/C2/Fx10_20230717_Riego_C2_2023-07-17_09-20-44_ann12.npy,2
data/processed/train/C2/Fx10_20230726_riegoD9_C2_2023-07-26_08-26-22_ann255.npy,2
data/processed/train/C2/Fx10_20230727_riegoD10_C2_2023-07-27_08-13-43_ann262.npy,2
data/processed/train/C2/Fx10_20230719_riegoD2_C2_2023-07-19_10-34-51_ann106.npy,2
data/processed/train/C2/Fx10_20230727_riegoD10_C2_2023-07-27_08-13-43_ann270.npy,2
data/processed/train/C2/Fx10_20230717_Riego_C2_2023-07-17_09-20-44_ann38.npy,2
data/processed/train/C2/Fx10_20230719_riegoD3_C2_2023-07-20_07-29-35_ann126.npy,2
data/processed/train/C2/Fx10_20230718_riegoD1_C2_2023-07-18_07-58-25_ann42.npy,2
data/processed/train/C2/Fx10_20230724_riegoD7_C2_2023-07-24_08-22-05_ann209.npy,2
data/processed/train/C2/Fx10_20230726_riegoD9_C2_2023-07-26_08-26-22_ann245.npy,2
data/processed/train/C2/Fx10_20230719_riegoD3_C2_2023-07-20_07-29-35_ann131.npy,2
data/processed/train/C2/Fx10_20230719_riegoD2_C2_2023-07-19_10-34-51_ann96.npy,2
data/processed/train/C2/Fx10_20230724_riegoD7_C2_2023-07-24_08-22-05_ann192.npy,2
data/processed/train/C2/Fx10_20230717_Riego_C2_2023-07-17_09-20-44_ann25.npy,2
data/processed/train/C2/Fx10_20230721_riegoD4_C2_2023-07-21_07-29-36_ann180.npy,2
data/processed/train/C2/Fx10_20230727_riegoD10_C2_2023-07-27_08-13-43_ann279.npy,2
data/processed/train/C2/Fx10_20230718_riegoD1_C2_2023-07-18_07-58-25_ann69.npy,2
data/processed/train/C2/Fx10_20230718_riegoD1_C2_2023-07-18_07-58-25_ann74.npy,2
data/processed/train/C2/Fx10_20230718_riegoD1_C2_2023-07-18_07-58-25_ann60.npy,2
data/processed/train/C2/Fx10_20230718_riegoD1_C2_2023-07-18_07-58-25_ann62.npy,2
data/processed/train/C2/Fx10_20230718_riegoD1_C2_2023-07-18_07-58-25_ann76.npy,2
data/processed/train/C2/Fx10_20230717_Riego_C2_2023-07-17_09-20-44_ann5.npy,2
data/processed/train/C2/Fx10_20230724_riegoD7_C2_2023-07-24_08-22-05_ann199.npy,2
data/processed/train/C2/Fx10_20230726_riegoD9_C2_2023-07-26_08-26-22_ann237.npy,2
data/processed/train/C2/Fx10_20230717_Riego_C2_2023-07-17_09-20-44_ann7.npy,2
data/processed/train/C2/Fx10_20230718_riegoD1_C2_2023-07-18_07-58-25_ann59.npy,2
data/processed/train/C2/Fx10_20230726_riegoD9_C2_2023-07-26_08-26-22_ann246.npy,2
data/processed/train/C2/Fx10_20230719_riegoD3_C2_2023-07-20_07-29-35_ann138.npy,2
data/processed/train/C2/Fx10_20230726_riegoD9_C2_2023-07-26_08-26-22_ann251.npy,2
data/processed/train/C2/Fx10_20230719_riegoD2_C2_2023-07-19_10-34-51_ann103.npy,2
data/processed/train/C2/Fx10_20230719_riegoD3_C2_2023-07-20_07-29-35_ann128.npy,2
data/processed/train/C2/Fx10_20230721_riegoD4_C2_2023-07-21_07-29-36_ann166.npy,2
data/processed/train/C2/Fx10_20230718_riegoD1_C2_2023-07-18_07-58-25_ann65.npy,2
data/processed/train/C2/Fx10_20230725_riegoD8_C2_2023-07-25_08-10-49_ann222.npy,2
data/processed/train/C2/Fx10_20230718_riegoD1_C2_2023-07-18_07-58-25_ann46.npy,2
data/processed/train/C2/Fx10_20230719_riegoD3_C2_2023-07-20_07-29-35_ann127.npy,2
data/processed/train/C2/Fx10_20230724_riegoD7_C2_2023-07-24_08-22-05_ann201.npy,2
data/processed/train/C2/Fx10_20230718_riegoD1_C2_2023-07-18_07-58-25_ann45.npy,2
data/processed/train/C2/Fx10_20230717_Riego_C2_2023-07-17_09-20-44_ann22.npy,2
data/processed/train/C2/Fx10_20230718_riegoD1_C2_2023-07-18_07-58-25_ann64.npy,2
data/processed/train/C2/Fx10_20230719_riegoD2_C2_2023-07-19_10-34-51_ann87.npy,2
data/processed/train/C2/Fx10_20230724_riegoD7_C2_2023-07-24_08-22-05_ann190.npy,2
data/processed/train/C2/Fx10_20230725_riegoD8_C2_2023-07-25_08-10-49_ann235.npy,2
data/processed/train/C2/Fx10_20230725_riegoD8_C2_2023-07-25_08-10-49_ann231.npy,2
data/processed/train/C2/Fx10_20230719_riegoD2_C2_2023-07-19_10-34-51_ann100.npy,2
data/processed/train/C2/Fx10_20230719_riegoD3_C2_2023-07-20_07-29-35_ann137.npy,2
data/processed/train/C2/Fx10_20230724_riegoD7_C2_2023-07-24_08-22-05_ann200.npy,2
data/processed/train/C2/Fx10_20230724_riegoD7_C2_2023-07-24_08-22-05_ann203.npy,2
data/processed/train/C2/Fx10_20230724_riegoD7_C2_2023-07-24_08-22-05_ann208.npy,2
data/processed/train/C2/Fx10_20230721_riegoD4_C2_2023-07-21_07-29-36_ann155.npy,2
data/processed/train/C2/Fx10_20230721_riegoD4_C2_2023-07-21_07-29-36_ann172.npy,2
data/processed/train/C2/Fx10_20230721_riegoD4_C2_2023-07-21_07-29-36_ann162.npy,2
data/processed/train/C2/Fx10_20230726_riegoD9_C2_2023-07-26_08-26-22_ann258.npy,2
data/processed/train/C2/Fx10_20230719_riegoD3_C2_2023-07-20_07-29-35_ann129.npy,2
data/processed/train/C2/Fx10_20230725_riegoD8_C2_2023-07-25_08-10-49_ann220.npy,2
data/processed/train/C2/Fx10_20230718_riegoD1_C2_2023-07-18_07-58-25_ann70.npy,2
data/processed/train/C2/Fx10_20230718_riegoD1_C2_2023-07-18_07-58-25_ann53.npy,2
data/processed/train/C2/Fx10_20230721_riegoD4_C2_2023-07-21_07-29-36_ann157.npy,2
data/processed/train/C2/Fx10_20230726_riegoD9_C2_2023-07-26_08-26-22_ann239.npy,2
data/processed/train/C2/Fx10_20230725_riegoD8_C2_2023-07-25_08-10-49_ann212.npy,2
data/processed/train/C2/Fx10_20230719_riegoD2_C2_2023-07-19_10-34-51_ann101.npy,2
data/processed/train/C2/Fx10_20230724_riegoD7_C2_2023-07-24_08-22-05_ann210.npy,2
data/processed/train/C2/Fx10_20230719_riegoD2_C2_2023-07-19_10-34-51_ann88.npy,2
data/processed/train/C2/Fx10_20230717_Riego_C2_2023-07-17_09-20-44_ann3.npy,2
data/processed/train/C2/Fx10_20230727_riegoD10_C2_2023-07-27_08-13-43_ann269.npy,2
data/processed/train/C3/Fx10_20230726_riegoD9_C3_2023-07-26_08-30-38_ann255.npy,3
data/processed/train/C3/Fx10_20230721_riegoD4_C3_2023-07-21_07-34-15_ann162.npy,3
data/processed/train/C3/Fx10_20230725_riegoD8_C3_2023-07-25_08-17-37_ann222.npy,3
data/processed/train/C3/Fx10_20230724_riegoD7_C3_2023-07-24_08-33-19_ann196.npy,3
data/processed/train/C3/Fx10_20230717_Riego_C3_2023-07-17_09-16-20_ann7.npy,3
data/processed/train/C3/Fx10_20230719_riegoD2_C3_2023-07-19_10-43-55_ann95.npy,3
data/processed/train/C3/Fx10_20230719_riegoD3_C3_2023-07-20_07-38-37_ann148.npy,3
data/processed/train/C3/Fx10_20230721_riegoD4_C3_2023-07-21_07-34-15_ann166.npy,3
data/processed/train/C3/Fx10_20230725_riegoD8_C3_2023-07-25_08-17-37_ann214.npy,3
data/processed/train/C3/Fx10_20230719_riegoD3_C3_2023-07-20_07-38-37_ann131.npy,3
data/processed/train/C3/Fx10_20230717_Riego_C3_2023-07-17_09-16-20_ann1.npy,3
data/processed/train/C3/Fx10_20230725_riegoD8_C3_2023-07-25_08-17-37_ann217.npy,3
data/processed/train/C3/Fx10_20230721_riegoD4_C3_2023-07-21_07-34-15_ann157.npy,3
data/processed/train/C3/Fx10_20230727_riegoD10_C3_2023-07-27_08-18-54_ann267.npy,3
data/processed/train/C3/Fx10_20230724_riegoD7_C3_2023-07-24_08-33-19_ann190.npy,3
data/processed/train/C3/Fx10_20230719_riegoD2_C3_2023-07-19_10-43-55_ann101.npy,3
data/processed/train/C3/Fx10_20230718_riegoD1_C3_2023-07-18_08-02-55_ann52.npy,3
data/processed/train/C3/Fx10_20230725_riegoD8_C3_2023-07-25_08-17-37_ann212.npy,3
data/processed/train/C3/Fx10_20230726_riegoD9_C3_2023-07-26_08-30-38_ann249.npy,3
data/processed/train/C3/Fx10_20230726_riegoD9_C3_2023-07-26_08-30-38_ann247.npy,3
data/processed/train/C3/Fx10_20230725_riegoD8_C3_2023-07-25_08-17-37_ann215.npy,3
data/processed/train/C3/Fx10_20230725_riegoD8_C3_2023-07-25_08-17-37_ann229.npy,3
data/processed/train/C3/Fx10_20230721_riegoD4_C3_2023-07-21_07-34-15_ann172.npy,3
data/processed/train/C3/Fx10_20230719_riegoD2_C3_2023-07-19_10-43-55_ann94.npy,3
data/processed/train/C3/Fx10_20230724_riegoD7_C3_2023-07-24_08-33-19_ann209.npy,3
data/processed/train/C3/Fx10_20230718_riegoD1_C3_2023-07-18_08-02-55_ann75.npy,3
data/processed/train/C3/Fx10_20230717_Riego_C3_2023-07-17_09-16-20_ann5.npy,3
data/processed/train/C3/Fx10_20230719_riegoD3_C3_2023-07-20_07-38-37_ann136.npy,3
data/processed/train/C3/Fx10_20230724_riegoD7_C3_2023-07-24_08-33-19_ann183.npy,3
data/processed/train/C3/Fx10_20230725_riegoD8_C3_2023-07-25_08-17-37_ann218.npy,3
data/processed/train/C3/Fx10_20230718_riegoD1_C3_2023-07-18_08-02-55_ann69.npy,3
data/processed/train/C3/Fx10_20230727_riegoD10_C3_2023-07-27_08-18-54_ann263.npy,3
data/processed/train/C3/Fx10_20230718_riegoD1_C3_2023-07-18_08-02-55_ann44.npy,3
data/processed/train/C3/Fx10_20230726_riegoD9_C3_2023-07-26_08-30-38_ann243.npy,3
data/processed/train/C3/Fx10_20230719_riegoD2_C3_2023-07-19_10-43-55_ann96.npy,3
data/processed/train/C3/Fx10_20230725_riegoD8_C3_2023-07-25_08-17-37_ann226.npy,3
data/processed/train/C3/Fx10_20230719_riegoD2_C3_2023-07-19_10-43-55_ann103.npy,3
data/processed/train/C3/Fx10_20230721_riegoD4_C3_2023-07-21_07-34-15_ann153.npy,3
data/processed/train/C3/Fx10_20230721_riegoD4_C3_2023-07-21_07-34-15_ann176.npy,3
data/processed/train/C3/Fx10_20230727_riegoD10_C3_2023-07-27_08-18-54_ann282.npy,3
data/processed/train/C3/Fx10_20230727_riegoD10_C3_2023-07-27_08-18-54_ann259.npy,3
data/processed/train/C3/Fx10_20230719_riegoD3_C3_2023-07-20_07-38-37_ann128.npy,3
data/processed/train/C3/Fx10_20230726_riegoD9_C3_2023-07-26_08-30-38_ann252.npy,3
data/processed/train/C3/Fx10_20230727_riegoD10_C3_2023-07-27_08-18-54_ann266.npy,3
data/processed/train/C3/Fx10_20230717_Riego_C3_2023-07-17_09-16-20_ann33.npy,3
data/processed/train/C3/Fx10_20230717_Riego_C3_2023-07-17_09-16-20_ann37.npy,3
data/processed/train/C3/Fx10_20230717_Riego_C3_2023-07-17_09-16-20_ann19.npy,3
data/processed/train/C3/Fx10_20230724_riegoD7_C3_2023-07-24_08-33-19_ann194.npy,3
data/processed/train/C3/Fx10_20230718_riegoD1_C3_2023-07-18_08-02-55_ann58.npy,3
data/processed/train/C3/Fx10_20230719_riegoD3_C3_2023-07-20_07-38-37_ann126.npy,3
data/processed/train/C3/Fx10_20230724_riegoD7_C3_2023-07-24_08-33-19_ann193.npy,3
data/processed/train/C3/Fx10_20230719_riegoD2_C3_2023-07-19_10-43-55_ann114.npy,3
data/processed/train/C3/Fx10_20230719_riegoD2_C3_2023-07-19_10-43-55_ann93.npy,3
data/processed/train/C3/Fx10_20230719_riegoD2_C3_2023-07-19_10-43-55_ann106.npy,3
data/processed/train/C3/Fx10_20230721_riegoD4_C3_2023-07-21_07-34-15_ann175.npy,3
data/processed/train/C3/Fx10_20230718_riegoD1_C3_2023-07-18_08-02-55_ann50.npy,3
data/processed/train/C3/Fx10_20230721_riegoD4_C3_2023-07-21_07-34-15_ann158.npy,3
data/processed/train/C3/Fx10_20230725_riegoD8_C3_2023-07-25_08-17-37_ann221.npy,3
data/processed/train/C3/Fx10_20230718_riegoD1_C3_2023-07-18_08-02-55_ann74.npy,3
data/processed/train/C3/Fx10_20230727_riegoD10_C3_2023-07-27_08-18-54_ann270.npy,3
data/processed/train/C3/Fx10_20230721_riegoD4_C3_2023-07-21_07-34-15_ann169.npy,3
data/processed/train/C3/Fx10_20230727_riegoD10_C3_2023-07-27_08-18-54_ann277.npy,3
data/processed/train/C3/Fx10_20230727_riegoD10_C3_2023-07-27_08-18-54_ann280.npy,3
data/processed/train/C3/Fx10_20230724_riegoD7_C3_2023-07-24_08-33-19_ann189.npy,3
data/processed/train/C3/Fx10_20230719_riegoD3_C3_2023-07-20_07-38-37_ann150.npy,3
data/processed/train/C3/Fx10_20230719_riegoD2_C3_2023-07-19_10-43-55_ann109.npy,3
data/processed/train/C3/Fx10_20230725_riegoD8_C3_2023-07-25_08-17-37_ann213.npy,3
data/processed/train/C3/Fx10_20230718_riegoD1_C3_2023-07-18_08-02-55_ann66.npy,3
data/processed/train/C3/Fx10_20230719_riegoD3_C3_2023-07-20_07-38-37_ann119.npy,3
data/processed/train/C3/Fx10_20230725_riegoD8_C3_2023-07-25_08-17-37_ann219.npy,3
data/processed/train/C3/Fx10_20230717_Riego_C3_2023-07-17_09-16-20_ann6.npy,3
data/processed/train/C3/Fx10_20230719_riegoD3_C3_2023-07-20_07-38-37_ann121.npy,3
data/processed/train/C3/Fx10_20230727_riegoD10_C3_2023-07-27_08-18-54_ann278.npy,3
data/processed/train/C3/Fx10_20230717_Riego_C3_2023-07-17_09-16-20_ann32.npy,3
data/processed/train/C3/Fx10_20230718_riegoD1_C3_2023-07-18_08-02-55_ann71.npy,3
data/processed/train/C3/Fx10_20230721_riegoD4_C3_2023-07-21_07-34-15_ann173.npy,3
data/processed/train/C3/Fx10_20230721_riegoD4_C3_2023-07-21_07-34-15_ann180.npy,3
data/processed/train/C3/Fx10_20230717_Riego_C3_2023-07-17_09-16-20_ann28.npy,3
data/processed/train/C3/Fx10_20230727_riegoD10_C3_2023-07-27_08-18-54_ann268.npy,3
data/processed/train/C3/Fx10_20230719_riegoD2_C3_2023-07-19_10-43-55_ann104.npy,3
data/processed/train/C3/Fx10_20230724_riegoD7_C3_2023-07-24_08-33-19_ann185.npy,3
data/processed/train/C3/Fx10_20230726_riegoD9_C3_2023-07-26_08-30-38_ann245.npy,3
data/processed/train/C3/Fx10_20230719_riegoD3_C3_2023-07-20_07-38-37_ann142.npy,3
data/processed/train/C3/Fx10_20230726_riegoD9_C3_2023-07-26_08-30-38_ann242.npy,3
data/processed/train/C3/Fx10_20230721_riegoD4_C3_2023-07-21_07-34-15_ann156.npy,3
data/processed/train/C3/Fx10_20230725_riegoD8_C3_2023-07-25_08-17-37_ann225.npy,3
data/processed/train/C3/Fx10_20230725_riegoD8_C3_2023-07-25_08-17-37_ann211.npy,3
data/processed/train/C3/Fx10_20230718_riegoD1_C3_2023-07-18_08-02-55_ann55.npy,3
data/processed/train/C3/Fx10_20230724_riegoD7_C3_2023-07-24_08-33-19_ann202.npy,3
data/processed/train/C3/Fx10_20230719_riegoD2_C3_2023-07-19_10-43-55_ann89.npy,3
data/processed/train/C3/Fx10_20230724_riegoD7_C3_2023-07-24_08-33-19_ann200.npy,3
data/processed/train/C3/Fx10_20230719_riegoD2_C3_2023-07-19_10-43-55_ann110.npy,3
data/processed/train/C3/Fx10_20230717_Riego_C3_2023-07-17_09-16-20_ann23.npy,3
data/processed/train/C3/Fx10_20230725_riegoD8_C3_2023-07-25_08-17-37_ann231.npy,3
data/processed/train/C3/Fx10_20230719_riegoD2_C3_2023-07-19_10-43-55_ann112.npy,3
data/processed/train/C3/Fx10_20230717_Riego_C3_2023-07-17_09-16-20_ann22.npy,3
data/processed/train/C3/Fx10_20230727_riegoD10_C3_2023-07-27_08-18-54_ann275.npy,3
data/processed/train/C3/Fx10_20230721_riegoD4_C3_2023-07-21_07-34-15_ann167.npy,3
data/processed/train/C3/Fx10_20230724_riegoD7_C3_2023-07-24_08-33-19_ann206.npy,3
data/processed/train/C3/Fx10_20230718_riegoD1_C3_2023-07-18_08-02-55_ann67.npy,3
data/processed/train/C3/Fx10_20230719_riegoD2_C3_2023-07-19_10-43-55_ann83.npy,3
data/processed/train/C3/Fx10_20230719_riegoD3_C3_2023-07-20_07-38-37_ann139.npy,3
data/processed/train/C3/Fx10_20230721_riegoD4_C3_2023-07-21_07-34-15_ann159.npy,3
data/processed/train/C3/Fx10_20230717_Riego_C3_2023-07-17_09-16-20_ann3.npy,3
data/processed/train/C3/Fx10_20230721_riegoD4_C3_2023-07-21_07-34-15_ann178.npy,3
data/processed/train/C3/Fx10_20230719_riegoD2_C3_2023-07-19_10-43-55_ann84.npy,3
data/processed/train/C3/Fx10_20230721_riegoD4_C3_2023-07-21_07-34-15_ann174.npy,3
data/processed/train/C3/Fx10_20230718_riegoD1_C3_2023-07-18_08-02-55_ann45.npy,3
data/processed/train/C3/Fx10_20230719_riegoD2_C3_2023-07-19_10-43-55_ann102.npy,3
data/processed/train/C3/Fx10_20230719_riegoD3_C3_2023-07-20_07-38-37_ann130.npy,3
data/processed/train/C3/Fx10_20230717_Riego_C3_2023-07-17_09-16-20_ann26.npy,3
data/processed/train/C3/Fx10_20230719_riegoD2_C3_2023-07-19_10-43-55_ann81.npy,3
data/processed/train/C3/Fx10_20230724_riegoD7_C3_2023-07-24_08-33-19_ann198.npy,3
data/processed/train/C3/Fx10_20230724_riegoD7_C3_2023-07-24_08-33-19_ann205.npy,3
data/processed/train/C3/Fx10_20230724_riegoD7_C3_2023-07-24_08-33-19_ann208.npy,3
data/processed/train/C3/Fx10_20230727_riegoD10_C3_2023-07-27_08-18-54_ann281.npy,3
data/processed/train/C3/Fx10_20230717_Riego_C3_2023-07-17_09-16-20_ann27.npy,3
data/processed/train/C3/Fx10_20230727_riegoD10_C3_2023-07-27_08-18-54_ann265.npy,3
data/processed/train/C3/Fx10_20230726_riegoD9_C3_2023-07-26_08-30-38_ann238.npy,3
data/processed/train/C3/Fx10_20230719_riegoD2_C3_2023-07-19_10-43-55_ann85.npy,3
data/processed/train/C3/Fx10_20230718_riegoD1_C3_2023-07-18_08-02-55_ann62.npy,3
data/processed/train/C3/Fx10_20230719_riegoD3_C3_2023-07-20_07-38-37_ann122.npy,3
data/processed/train/C3/Fx10_20230719_riegoD3_C3_2023-07-20_07-38-37_ann146.npy,3
data/processed/train/C3/Fx10_20230727_riegoD10_C3_2023-07-27_08-18-54_ann276.npy,3
data/processed/train/C3/Fx10_20230717_Riego_C3_2023-07-17_09-16-20_ann17.npy,3
data/processed/train/C3/Fx10_20230718_riegoD1_C3_2023-07-18_08-02-55_ann78.npy,3
data/processed/train/C3/Fx10_20230719_riegoD2_C3_2023-07-19_10-43-55_ann98.npy,3
data/processed/train/C3/Fx10_20230721_riegoD4_C3_2023-07-21_07-34-15_ann155.npy,3
data/processed/train/C3/Fx10_20230726_riegoD9_C3_2023-07-26_08-30-38_ann241.npy,3
data/processed/train/C3/Fx10_20230719_riegoD3_C3_2023-07-20_07-38-37_ann138.npy,3
data/processed/train/C3/Fx10_20230726_riegoD9_C3_2023-07-26_08-30-38_ann253.npy,3
data/processed/train/C3/Fx10_20230717_Riego_C3_2023-07-17_09-16-20_ann18.npy,3
data/processed/train/C3/Fx10_20230727_riegoD10_C3_2023-07-27_08-18-54_ann261.npy,3
data/processed/train/C3/Fx10_20230718_riegoD1_C3_2023-07-18_08-02-55_ann59.npy,3
data/processed/train/C3/Fx10_20230724_riegoD7_C3_2023-07-24_08-33-19_ann203.npy,3
data/processed/train/C3/Fx10_20230718_riegoD1_C3_2023-07-18_08-02-55_ann57.npy,3
data/processed/train/C3/Fx10_20230719_riegoD2_C3_2023-07-19_10-43-55_ann107.npy,3
data/processed/train/C3/Fx10_20230724_riegoD7_C3_2023-07-24_08-33-19_ann187.npy,3
data/processed/train/C3/Fx10_20230718_riegoD1_C3_2023-07-18_08-02-55_ann60.npy,3
data/processed/train/C3/Fx10_20230718_riegoD1_C3_2023-07-18_08-02-55_ann54.npy,3
data/processed/train/C3/Fx10_20230717_Riego_C3_2023-07-17_09-16-20_ann24.npy,3
data/processed/train/C3/Fx10_20230725_riegoD8_C3_2023-07-25_08-17-37_ann224.npy,3
data/processed/train/C3/Fx10_20230721_riegoD4_C3_2023-07-21_07-34-15_ann154.npy,3
data/processed/train/C3/Fx10_20230724_riegoD7_C3_2023-07-24_08-33-19_ann201.npy,3
data/processed/train/C3/Fx10_20230718_riegoD1_C3_2023-07-18_08-02-55_ann73.npy,3
data/processed/train/C3/Fx10_20230726_riegoD9_C3_2023-07-26_08-30-38_ann246.npy,3
data/processed/train/C3/Fx10_20230719_riegoD2_C3_2023-07-19_10-43-55_ann90.npy,3
data/processed/train/C3/Fx10_20230718_riegoD1_C3_2023-07-18_08-02-55_ann40.npy,3
data/processed/train/C3/Fx10_20230719_riegoD2_C3_2023-07-19_10-43-55_ann111.npy,3
data/processed/train/C3/Fx10_20230717_Riego_C3_2023-07-17_09-16-20_ann9.npy,3
data/processed/train/C3/Fx10_20230718_riegoD1_C3_2023-07-18_08-02-55_ann64.npy,3
data/processed/train/C3/Fx10_20230717_Riego_C3_2023-07-17_09-16-20_ann2.npy,3
data/processed/train/C3/Fx10_20230725_riegoD8_C3_2023-07-25_08-17-37_ann232.npy,3
data/processed/train/C3/Fx10_20230719_riegoD3_C3_2023-07-20_07-38-37_ann145.npy,3
data/processed/train/C3/Fx10_20230727_riegoD10_C3_2023-07-27_08-18-54_ann269.npy,3
data/processed/train/C3/Fx10_20230719_riegoD2_C3_2023-07-19_10-43-55_ann79.npy,3
data/processed/train/C3/Fx10_20230718_riegoD1_C3_2023-07-18_08-02-55_ann70.npy,3
data/processed/train/C3/Fx10_20230721_riegoD4_C3_2023-07-21_07-34-15_ann163.npy,3
data/processed/train/C3/Fx10_20230725_riegoD8_C3_2023-07-25_08-17-37_ann228.npy,3
data/processed/train/C3/Fx10_20230719_riegoD2_C3_2023-07-19_10-43-55_ann113.npy,3
data/processed/train/C3/Fx10_20230727_riegoD10_C3_2023-07-27_08-18-54_ann262.npy,3
data/processed/train/C3/Fx10_20230726_riegoD9_C3_2023-07-26_08-30-38_ann248.npy,3
data/processed/train/C3/Fx10_20230724_riegoD7_C3_2023-07-24_08-33-19_ann199.npy,3
data/processed/train/C3/Fx10_20230718_riegoD1_C3_2023-07-18_08-02-55_ann61.npy,3
data/processed/train/C3/Fx10_20230717_Riego_C3_2023-07-17_09-16-20_ann36.npy,3
data/processed/train/C3/Fx10_20230719_riegoD2_C3_2023-07-19_10-43-55_ann91.npy,3
data/processed/train/C3/Fx10_20230719_riegoD2_C3_2023-07-19_10-43-55_ann108.npy,3
data/processed/train/C3/Fx10_20230719_riegoD3_C3_2023-07-20_07-38-37_ann123.npy,3
data/processed/train/C3/Fx10_20230719_riegoD3_C3_2023-07-20_07-38-37_ann140.npy,3
data/processed/train/C3/Fx10_20230718_riegoD1_C3_2023-07-18_08-02-55_ann49.npy,3
data/processed/train/C3/Fx10_20230719_riegoD3_C3_2023-07-20_07-38-37_ann143.npy,3
data/processed/train/C3/Fx10_20230725_riegoD8_C3_2023-07-25_08-17-37_ann223.npy,3
data/processed/train/C3/Fx10_20230718_riegoD1_C3_2023-07-18_08-02-55_ann65.npy,3
data/processed/train/C3/Fx10_20230725_riegoD8_C3_2023-07-25_08-17-37_ann220.npy,3
data/processed/train/C3/Fx10_20230721_riegoD4_C3_2023-07-21_07-34-15_ann171.npy,3
data/processed/train/C3/Fx10_20230717_Riego_C3_2023-07-17_09-16-20_ann21.npy,3
data/processed/train/C3/Fx10_20230717_Riego_C3_2023-07-17_09-16-20_ann4.npy,3
data/processed/train/C3/Fx10_20230718_riegoD1_C3_2023-07-18_08-02-55_ann41.npy,3
data/processed/train/C3/Fx10_20230717_Riego_C3_2023-07-17_09-16-20_ann8.npy,3
data/processed/train/C3/Fx10_20230726_riegoD9_C3_2023-07-26_08-30-38_ann250.npy,3
data/processed/train/C3/Fx10_20230724_riegoD7_C3_2023-07-24_08-33-19_ann197.npy,3
data/processed/train/C3/Fx10_20230719_riegoD2_C3_2023-07-19_10-43-55_ann100.npy,3
data/processed/train/C3/Fx10_20230725_riegoD8_C3_2023-07-25_08-17-37_ann227.npy,3
data/processed/train/C3/Fx10_20230726_riegoD9_C3_2023-07-26_08-30-38_ann254.npy,3
data/processed/train/C3/Fx10_20230721_riegoD4_C3_2023-07-21_07-34-15_ann177.npy,3
data/processed/train/C3/Fx10_20230719_riegoD3_C3_2023-07-20_07-38-37_ann125.npy,3
data/processed/train/C3/Fx10_20230725_riegoD8_C3_2023-07-25_08-17-37_ann233.npy,3
data/processed/train/C3/Fx10_20230721_riegoD4_C3_2023-07-21_07-34-15_ann165.npy,3
data/processed/train/C3/Fx10_20230724_riegoD7_C3_2023-07-24_08-33-19_ann184.npy,3
data/processed/train/C3/Fx10_20230726_riegoD9_C3_2023-07-26_08-30-38_ann244.npy,3
data/processed/train/C3/Fx10_20230717_Riego_C3_2023-07-17_09-16-20_ann12.npy,3
data/processed/train/C3/Fx10_20230718_riegoD1_C3_2023-07-18_08-02-55_ann68.npy,3
data/processed/train/C3/Fx10_20230717_Riego_C3_2023-07-17_09-16-20_ann16.npy,3
data/processed/train/C3/Fx10_20230727_riegoD10_C3_2023-07-27_08-18-54_ann273.npy,3
data/processed/train/C3/Fx10_20230718_riegoD1_C3_2023-07-18_08-02-55_ann77.npy,3
data/processed/train/C3/Fx10_20230717_Riego_C3_2023-07-17_09-16-20_ann20.npy,3
data/processed/train/C3/Fx10_20230719_riegoD2_C3_2023-07-19_10-43-55_ann82.npy,3
data/processed/train/C3/Fx10_20230719_riegoD3_C3_2023-07-20_07-38-37_ann149.npy,3
data/processed/train/C3/Fx10_20230721_riegoD4_C3_2023-07-21_07-34-15_ann164.npy,3
data/processed/train/C3/Fx10_20230719_riegoD2_C3_2023-07-19_10-43-55_ann86.npy,3
data/processed/train/C3/Fx10_20230726_riegoD9_C3_2023-07-26_08-30-38_ann235.npy,3
data/processed/train/C3/Fx10_20230717_Riego_C3_2023-07-17_09-16-20_ann31.npy,3
data/processed/train/C3/Fx10_20230721_riegoD4_C3_2023-07-21_07-34-15_ann161.npy,3
data/processed/train/C3/Fx10_20230717_Riego_C3_2023-07-17_09-16-20_ann35.npy,3
data/processed/train/C3/Fx10_20230719_riegoD3_C3_2023-07-20_07-38-37_ann116.npy,3
data/processed/train/C3/Fx10_20230727_riegoD10_C3_2023-07-27_08-18-54_ann279.npy,3
data/processed/train/C3/Fx10_20230721_riegoD4_C3_2023-07-21_07-34-15_ann182.npy,3
data/processed/train/C3/Fx10_20230719_riegoD3_C3_2023-07-20_07-38-37_ann144.npy,3
data/processed/train/C3/Fx10_20230724_riegoD7_C3_2023-07-24_08-33-19_ann191.npy,3
data/processed/train/C3/Fx10_20230717_Riego_C3_2023-07-17_09-16-20_ann13.npy,3
data/processed/train/C3/Fx10_20230719_riegoD3_C3_2023-07-20_07-38-37_ann115.npy,3
data/processed/train/C3/Fx10_20230724_riegoD7_C3_2023-07-24_08-33-19_ann207.npy,3
data/processed/train/C3/Fx10_20230719_riegoD2_C3_2023-07-19_10-43-55_ann105.npy,3
data/processed/train/C3/Fx10_20230719_riegoD3_C3_2023-07-20_07-38-37_ann137.npy,3
data/processed/train/C3/Fx10_20230725_riegoD8_C3_2023-07-25_08-17-37_ann234.npy,3
data/processed/train/C3/Fx10_20230719_riegoD3_C3_2023-07-20_07-38-37_ann135.npy,3
data/processed/train/C3/Fx10_20230719_riegoD3_C3_2023-07-20_07-38-37_ann132.npy,3
data/processed/train/C3/Fx10_20230726_riegoD9_C3_2023-07-26_08-30-38_ann257.npy,3
data/processed/train/C3/Fx10_20230718_riegoD1_C3_2023-07-18_08-02-55_ann56.npy,3
data/processed/train/C3/Fx10_20230726_riegoD9_C3_2023-07-26_08-30-38_ann236.npy,3
data/processed/train/C3/Fx10_20230719_riegoD3_C3_2023-07-20_07-38-37_ann124.npy,3
data/processed/train/C3/Fx10_20230726_riegoD9_C3_2023-07-26_08-30-38_ann237.npy,3
data/processed/train/C3/Fx10_20230721_riegoD4_C3_2023-07-21_07-34-15_ann151.npy,3
data/processed/train/C3/Fx10_20230719_riegoD3_C3_2023-07-20_07-38-37_ann133.npy,3
data/processed/train/C3/Fx10_20230727_riegoD10_C3_2023-07-27_08-18-54_ann274.npy,3
data/processed/train/C3/Fx10_20230719_riegoD3_C3_2023-07-20_07-38-37_ann141.npy,3
