b0,b1,b2,candidate_seed,weighted_f1,macro_f1,ordinal_mae,quadratic_weighted_kappa,first_generation,seconds,wavelengths_nm
399,148,424,1876486875,0.6699750957353082,0.6508728850274921,0.53125,0.5761130365235938,0,207.51827081898227,"[937.08, 593.06, 972.14]"
42,8,303,275843590,0.5059358452593551,0.5135535506665289,0.79375,0.35392535392535396,0,209.80155962798744,"[452.13, 407.48, 803.78]"
157,216,194,1464536927,0.7930682786948772,0.7985042238239168,0.3625,0.6987012987012987,0,208.8555132308975,"[605.14, 684.82, 655.02]"
271,183,66,2543312446,0.7355765945719414,0.7164476910859459,0.49375,0.5920889987639061,0,204.43822296895087,"[759.83, 640.16, 483.81]"
371,98,136,421886554,0.7417985067097165,0.7329885985268894,0.4125,0.6848424212106052,0,204.680289699696,"[897.98, 526.26, 576.97]"
227,7,113,3816806720,0.6532468355297405,0.6388271482323716,0.54375,0.5836565813291957,0,206.40492059802637,"[699.77, 406.17, 546.24]"
317,232,12,3750893005,0.6937129237288135,0.680667372881356,0.45625,0.6724181045261315,0,204.64127723965794,"[823.09, 706.57, 412.72]"
54,43,363,1263020552,0.6560348696019428,0.6394287453738674,0.6125,0.5283882783882783,0,205.77952027507126,"[467.96, 453.45, 886.84]"
255,215,10,1060773885,0.6247930789497054,0.6012914064118884,0.625,0.4963655244029076,0,203.18551033455878,"[737.93, 683.47, 410.1]"
262,321,375,3177895377,0.7791521057165612,0.7555196159701791,0.35625,0.7377916766899206,0,204.6448401310481,"[747.5, 828.61, 903.55]"
220,183,394,3492582744,0.7006020075963104,0.6733487068185928,0.43125,0.7194437667723834,0,205.02235624659806,"[690.25, 640.16, 930.08]"
29,105,400,3500783542,0.7426850377345426,0.713055920976713,0.45,0.6414728682170543,0,205.39858251903206,"[435.03, 535.58, 938.48]"
18,301,188,4175355258,0.5724733542284228,0.5405834798860213,0.69375,0.4566057172289467,0,204.86894271615893,"[420.58, 801.03, 646.91]"
336,88,317,1954998993,0.6581451612903226,0.6524193548387096,0.55625,0.5570117955439056,0,205.97587139485404,"[849.36, 512.97, 823.09]"
110,376,185,1536297139,0.7142410714285715,0.6992559523809524,0.46875,0.6417255666585424,0,209.60897091403604,"[542.24, 904.95, 642.86]"
289,389,440,2318452214,0.6706178126922531,0.6552332276434307,0.49375,0.6627122586648058,0,206.4124631183222,"[784.52, 923.09, 994.65]"
188,292,144,2657999685,0.7445831347840667,0.7317422918762464,0.36875,0.7416777629826898,0,203.2928502089344,"[646.91, 788.65, 587.69]"
338,160,293,1527803731,0.6907493655769518,0.6921580335373438,0.5125,0.593169261677549,0,205.5039445552975,"[852.13, 609.17, 790.02]"
43,416,242,1130383281,0.6907930299568715,0.6611691097145436,0.5125,0.5950794464377243,0,203.66753947082907,"[453.45, 960.9, 720.19]"
90,367,247,1896262385,0.7231987292058363,0.7097049536877688,0.4875,0.5958600295712173,0,205.22638471983373,"[515.63, 892.41, 727.01]"
12,369,249,2976847651,0.6271821756225426,0.5979383002318782,0.5875,0.5288839035333708,1,203.93526659812778,"[412.72, 895.19, 729.74]"
435,166,228,1068148811,0.7605084574836329,0.7546295842032485,0.36875,0.7243994943109988,1,204.0948211438954,"[987.61, 617.24, 701.13]"
175,285,128,3772854141,0.7125176723860934,0.7134478825268299,0.4875,0.6069868995633187,1,206.73738198215142,"[629.37, 779.03, 566.27]"
169,222,209,1342687943,0.7093815917543665,0.6930396306857374,0.46875,0.6203934607924633,1,203.9437098838389,"[621.28, 692.97, 675.33]"
88,388,174,1339131191,0.7246472158657513,0.735654749098685,0.44375,0.662644668800788,1,206.47666133893654,"[512.97, 921.69, 628.02]"
225,210,133,4266450205,0.7833562271062271,0.7727411477411477,0.3125,0.7758081334723671,1,203.74098074110225,"[697.05, 676.68, 572.96]"
207,159,403,2122799364,0.7416684279840902,0.7259422350664697,0.4125,0.6721311475409836,1,205.90703463740647,"[672.62, 607.83, 942.68]"
274,344,365,160395986,0.7774230802440709,0.7661052987566198,0.36875,0.7249939157945973,1,206.9369314541109,"[763.94, 860.45, 889.63]"
306,291,436,2310794473,0.6655650432215897,0.6549303426912535,0.54375,0.6035655641566972,1,204.16662775725126,"[807.92, 787.27, 989.02]"
272,261,0,492077628,0.5877865270755968,0.565744013442103,0.65,0.5270599707459775,1,206.85115357628092,"[761.2, 746.14, 397.01]"
258,67,36,4193891266,0.6867788039308131,0.6777802430102955,0.56875,0.5139402911423636,1,202.33705396577716,"[742.03, 485.14, 444.23]"
383,213,165,1487871721,0.6677959540459542,0.6552322677322677,0.46875,0.6646096055808962,1,201.66156287072226,"[914.71, 680.75, 615.9]"
243,275,197,123303782,0.7745835211464632,0.7613167125189757,0.425,0.6451142440447253,1,206.0018948689103,"[721.56, 765.31, 659.08]"
202,188,304,2446413952,0.6915813338362701,0.6736995757395898,0.54375,0.5534172218110043,1,204.94861812330782,"[665.84, 646.91, 805.16]"
207,208,101,2138781390,0.6994720342733899,0.6743623664354224,0.4875,0.6155741744701824,1,204.90158481989056,"[672.62, 673.97, 530.25]"
0,112,447,209503972,0.6116957095963482,0.6008216007590911,0.60625,0.5142022829838067,1,202.50142462691292,"[397.01, 544.9, 1004.52]"
282,428,60,3071736556,0.6948915314650934,0.699150893149787,0.50625,0.6029962546816479,2,202.43927718512714,"[774.91, 977.76, 475.88]"
362,13,440,2573971132,0.47116828782176884,0.4547030668470542,0.8875,0.3110047846889952,2,204.0628971559927,"[885.45, 414.03, 994.65]"
238,141,23,3809831076,0.6025395574022891,0.5898708935428222,0.65,0.4706498951781971,2,204.73182312119752,"[714.74, 583.67, 427.15]"
275,316,239,1059492170,0.78733783955896,0.7833266619360395,0.375,0.7063142437591776,2,205.47333606006578,"[765.31, 821.71, 716.1]"
447,210,172,965183790,0.7547335610667659,0.7427023525567593,0.44375,0.6289014499877119,2,204.3487837347202,"[1004.52, 676.68, 625.32]"
152,212,125,2879938900,0.7493164730006836,0.7510537707906129,0.41875,0.6557161629434953,2,205.84237569896504,"[598.42, 679.4, 562.26]"
419,149,353,266509695,0.6508499328231789,0.6198376073368771,0.5625,0.5714997508719482,2,206.06972510972992,"[965.11, 594.4, 872.94]"
414,164,298,345794520,0.6385949571217842,0.6157240959738647,0.5375,0.5892575039494471,2,206.56964765908197,"[958.09, 614.55, 796.9]"
183,141,318,3563385253,0.7540348716619134,0.7396153561243008,0.4125,0.6693794506612412,2,203.197098699864,"[640.16, 583.67, 824.47]"
394,115,220,2886314655,0.6975006771745875,0.6994074293766909,0.4625,0.6575342465753424,2,205.53171898517758,"[930.08, 548.91, 690.25]"
151,205,194,737903292,0.7300266030325174,0.7280770899496922,0.475,0.6060606060606061,2,204.3218045970425,"[597.08, 669.91, 655.02]"
260,291,211,173087126,0.7679884244631017,0.7772291704764396,0.3625,0.74609375,2,203.1446030898951,"[744.77, 787.27, 678.04]"
310,260,219,377131355,0.7793101913662661,0.7644266429313158,0.4125,0.6685878962536023,2,203.45106077287346,"[813.43, 744.77, 688.9]"
367,180,205,1573437674,0.727111451753248,0.7025974992513522,0.44375,0.6537781147333839,2,201.97952739475295,"[892.41, 636.11, 669.91]"
447,277,334,3333565007,0.6155633852752088,0.6088826731013854,0.53125,0.6738376127689105,2,206.6527391327545,"[1004.52, 768.05, 846.59]"
238,232,258,2405443213,0.7284013464167662,0.7199829534638216,0.41875,0.6869340232858991,2,203.98741561826319,"[714.74, 706.57, 742.03]"
89,447,374,2563023426,0.7042929292929292,0.701094276094276,0.4625,0.6509863429438543,2,208.19732059212402,"[514.3, 1004.52, 902.16]"
205,78,202,3755130485,0.6929362663098025,0.6748427567748412,0.475,0.6424974823766365,2,204.64219499519095,"[669.91, 499.7, 665.84]"
400,222,98,1489494901,0.7069526217239763,0.687930073952507,0.45,0.674074074074074,3,201.94915351364762,"[938.48, 692.97, 526.26]"
118,169,231,2460970960,0.7359078479628111,0.7092174824537416,0.4375,0.633817985998923,3,205.07293703919277,"[552.91, 621.28, 705.21]"
308,190,181,2385404452,0.7298984170284546,0.7003246483773509,0.4125,0.6824512534818942,3,202.6719977040775,"[810.67, 649.61, 637.46]"
283,447,97,3905395139,0.686409214092141,0.6646706274755055,0.43125,0.7292206263244644,3,205.91741601610556,"[776.28, 1004.52, 524.93]"
364,231,225,4132524287,0.8183059190412131,0.8139615860204095,0.30625,0.7471839799749687,3,202.92258368991315,"[888.23, 705.21, 697.05]"
312,208,198,3558495584,0.6586593103364284,0.6488325171312546,0.5625,0.5334040296924709,3,205.21134088514373,"[816.19, 673.97, 660.43]"
169,210,134,2615623536,0.7165144140743862,0.6969409651514797,0.45625,0.6196990424076607,3,204.7804177645594,"[621.28, 676.68, 574.3]"
447,210,170,3613992875,0.6987369287196724,0.682752816057389,0.5,0.5791156100159829,3,203.00701910210773,"[1004.52, 676.68, 622.63]"
241,220,236,3501933719,0.729511668797954,0.6956204095350514,0.45,0.6746817538896748,3,203.38381340680644,"[718.83, 690.25, 712.02]"
224,327,260,2769099185,0.7564655069700941,0.7413787283053339,0.4,0.7146866230121609,3,205.0919556710869,"[695.69, 836.91, 744.77]"
238,136,261,3113783792,0.7407108427317879,0.7143014074379835,0.43125,0.6675970565846232,3,205.13338276091963,"[714.74, 576.97, 746.14]"
407,277,113,4236163758,0.750313565036816,0.7420399740237595,0.4,0.7012048192771084,3,203.86379126273096,"[948.28, 768.05, 546.24]"
244,233,279,2597926595,0.7551967151899509,0.7467586527748871,0.38125,0.7104677060133631,3,205.0175568438135,"[722.92, 707.93, 770.79]"
176,139,296,4242348664,0.745773988005997,0.7397863568215892,0.425,0.6421052631578947,3,202.21763651818037,"[630.71, 580.99, 794.15]"
232,208,207,1436105720,0.7367961583043551,0.7195760887564167,0.44375,0.6467050864445001,3,207.32563398918137,"[706.57, 673.97, 672.62]"
143,206,119,2947701370,0.7149953335298163,0.7202082719324099,0.4625,0.6345856922285126,3,206.90048249112442,"[586.35, 671.26, 554.24]"
411,280,207,4216200810,0.7431277610574301,0.7286708790209503,0.38125,0.7404202719406675,3,208.29511437704787,"[953.89, 772.17, 672.62]"
310,245,203,567731120,0.8002919410686401,0.7913368185212846,0.33125,0.7325668582854287,3,204.7079598386772,"[813.43, 724.28, 667.2]"
191,89,148,1487555262,0.6914490527393753,0.6828810377197474,0.43125,0.6971350613915417,4,201.2526624649763,"[650.96, 514.3, 593.06]"
417,144,248,672952683,0.7592862227399211,0.7509005802541038,0.31875,0.8004788507581804,4,205.8924376978539,"[962.3, 587.69, 728.38]"
298,233,266,323428996,0.7688349033401701,0.7584972482343223,0.35625,0.7432061829967589,4,202.61742646805942,"[796.9, 707.93, 752.98]"
309,230,237,4235381296,0.6709022738268022,0.6535305365494045,0.50625,0.6467722289890377,4,202.322733535897,"[812.05, 703.85, 713.38]"
342,308,145,4228355187,0.7244755329187378,0.6989436358097616,0.425,0.6806893056259503,4,202.10513979103416,"[857.68, 810.67, 589.03]"
211,177,180,2998383281,0.6536623229371455,0.6319068536458318,0.53125,0.5921018446349702,4,201.2489656531252,"[678.04, 632.06, 636.11]"
447,269,129,3905248188,0.7661999909026656,0.7587150714840551,0.34375,0.7646767401535794,4,204.08212121296674,"[1004.52, 757.09, 567.61]"
166,240,262,4040125757,0.7085565735454205,0.7134444113424896,0.48125,0.6502200602270094,4,201.92827525688335,"[617.24, 717.47, 747.5]"
320,287,311,2700737339,0.7779011665345751,0.7696628852250385,0.40625,0.6685216549721752,4,205.26019200496376,"[827.23, 781.78, 814.81]"
310,316,61,3162965314,0.7325533415623348,0.7282431082113678,0.39375,0.7124769190187286,4,203.45804957998917,"[813.43, 821.71, 477.2]"
325,75,207,4033791443,0.7099853758625001,0.6959079696718237,0.48125,0.602348545503069,4,205.66500844992697,"[834.14, 495.73, 672.62]"
278,328,139,1028719490,0.7741870985100731,0.7578370833753743,0.38125,0.7031136857349747,4,204.2639240026474,"[769.42, 838.29, 580.99]"
399,89,240,1177908517,0.7179916933713322,0.7125404987755156,0.4625,0.6305931321540061,4,206.77112693991512,"[937.08, 514.3, 717.47]"
382,288,102,78585167,0.763566744429545,0.7484063202238591,0.40625,0.6674168542135533,4,203.75803381809965,"[913.32, 783.15, 531.58]"
398,135,272,4068905924,0.7340856144437973,0.7177732479130265,0.38125,0.7409326424870466,4,208.0818674378097,"[935.68, 575.63, 761.2]"
203,231,213,2408854493,0.7095083329247232,0.6889639823698304,0.4625,0.6426721905748317,4,206.8069389211014,"[667.2, 705.21, 680.75]"
409,117,323,45192135,0.6979615661915589,0.6783569962841771,0.53125,0.5743162901307967,5,206.01768227294087,"[951.08, 551.57, 831.38]"
308,304,259,987875329,0.7063603470072801,0.6871946332581059,0.4625,0.6513470681458003,5,202.54939721012488,"[810.67, 805.16, 743.4]"
303,226,211,2170890028,0.7260114526171618,0.7163765216842826,0.40625,0.6916780354706684,5,204.4450225038454,"[803.78, 698.41, 678.04]"
320,295,224,1793261039,0.7589285714285714,0.742445054945055,0.3875,0.69959266802444,5,201.53682582918555,"[827.23, 792.77, 695.69]"
330,232,349,3840417507,0.7764084084084084,0.7633833833833834,0.375,0.6902887139107612,5,209.4608237077482,"[841.06, 706.57, 867.39]"
353,285,186,1057013521,0.7562197870817405,0.7233696066038167,0.39375,0.6869244935543278,5,205.52998440572992,"[872.94, 779.03, 644.21]"
320,149,251,2142348911,0.7271701795472287,0.7114452487403307,0.41875,0.6740619008490825,5,201.0006545567885,"[827.23, 594.4, 732.47]"
302,158,221,415668018,0.7709249084249084,0.7576312576312576,0.3625,0.7132429614181439,5,206.84171321382746,"[802.41, 606.48, 691.61]"
364,230,225,281959755,0.7736025405444937,0.7496079808178706,0.38125,0.6875806868060934,5,205.21098568011075,"[888.23, 703.85, 697.05]"
270,331,45,235406096,0.728405572755418,0.7322973723902516,0.45,0.6555217831813576,5,206.2830467238091,"[758.46, 842.44, 456.09]"
317,312,154,152103685,0.7254181903891206,0.6951171471520309,0.48125,0.6461994978315453,5,203.85183724807575,"[823.09, 816.19, 601.11]"
390,188,222,1258032650,0.7654901444272868,0.7474613195264481,0.3625,0.7297297297297297,5,204.78815445071086,"[924.49, 646.91, 692.97]"
390,186,250,3066119504,0.7975407925407925,0.7740675990675991,0.35,0.7139989964877069,5,202.80056073283777,"[924.49, 644.21, 731.11]"
323,332,306,2683507449,0.6264392704554196,0.6294369367028078,0.61875,0.5251331943479267,5,200.5761449788697,"[831.38, 843.83, 807.92]"
350,214,0,2382882275,0.5883281378178835,0.5674651353568498,0.7375,0.4243577545195052,5,204.89116247883067,"[868.78, 682.11, 397.01]"
326,136,221,3723168829,0.7181763285024154,0.7180648457822371,0.45625,0.6717112922002328,6,204.9243265101686,"[835.53, 576.97, 691.61]"
339,252,224,1308665594,0.7545243413396081,0.7472974050977971,0.375,0.7256857855361596,6,205.0911078369245,"[853.52, 733.84, 695.69]"
347,273,223,1768218013,0.7931464646464647,0.7727441077441077,0.3125,0.7809152872444012,6,202.186653485056,"[864.61, 762.57, 694.33]"
336,252,225,1721289312,0.7710001729268591,0.7424796270544072,0.38125,0.7024834029997541,6,204.31059977179393,"[849.36, 733.84, 697.05]"
386,177,261,3403286015,0.7146831364124597,0.7089252148227712,0.49375,0.5982031444971301,6,203.68033382715657,"[918.9, 632.06, 746.14]"
367,239,227,3588254549,0.719693396226415,0.7047955974842767,0.525,0.5556640625,6,203.8837421280332,"[892.41, 716.1, 699.77]"
428,287,0,947854972,0.4947739362861168,0.46316157991836027,0.85625,0.3743041638833222,6,202.9949001101777,"[977.76, 781.78, 397.01]"
231,229,337,4269115459,0.7244226512743173,0.7157214169207344,0.45625,0.6409741400954054,6,202.22846970241517,"[705.21, 702.49, 850.75]"
275,255,226,3509797444,0.7268262064401025,0.7152737718671074,0.40625,0.7109826589595376,6,203.9702734160237,"[765.31, 737.93, 698.41]"
390,133,219,3114026372,0.7327077059144597,0.7253134284039268,0.4,0.6919060052219321,6,205.31254838081077,"[924.49, 572.96, 688.9]"
339,232,353,3952433143,0.7273449902131529,0.7367280335372901,0.4375,0.6786389413988657,6,203.82126612309366,"[853.52, 706.57, 872.94]"
354,230,220,2302863096,0.7499950677534915,0.7253629960368966,0.41875,0.6519721577726219,6,207.69470309605822,"[874.33, 703.85, 690.25]"
396,196,256,2794959626,0.7673311360770377,0.7512570216668577,0.3625,0.723526343244653,6,201.30362080736086,"[932.88, 657.72, 739.3]"
357,220,218,1649273489,0.7191420128870811,0.6990563081931155,0.41875,0.6891857179553045,6,204.5006993501447,"[878.5, 690.25, 687.54]"
338,311,215,1679365363,0.7404765395894428,0.7258233701782089,0.44375,0.6436470877365446,7,201.1313798627816,"[852.13, 814.81, 683.47]"
390,226,224,276444663,0.6970735930735931,0.6668398268398269,0.49375,0.608615707906488,7,202.76784646790475,"[924.49, 698.41, 695.69]"
359,243,219,1339150006,0.7688323689473167,0.7615009179424974,0.4,0.6786757546251216,7,201.76595203392208,"[881.28, 721.56, 688.9]"
397,128,196,2967970405,0.8024550547152691,0.7864182019499318,0.36875,0.665148673988749,7,203.66507443692535,"[934.28, 566.27, 657.72]"
400,228,327,3945550512,0.704357204221895,0.6987282155130093,0.4625,0.6660212971926428,7,201.72657946683466,"[938.48, 701.13, 836.91]"
194,231,234,1835298176,0.7495188354404358,0.7340991181532346,0.38125,0.716039907904835,7,204.8443292528391,"[655.02, 705.21, 709.29]"
336,226,256,3665638601,0.7400750008408166,0.7065718225540645,0.35625,0.7730046375396632,7,201.72635266929865,"[849.36, 698.41, 739.3]"
329,257,317,539164521,0.7047731054011894,0.6879357920034936,0.41875,0.7202964379631844,7,204.21403786027804,"[839.67, 740.67, 823.09]"
364,238,234,768110190,0.746573022548563,0.7369571198297671,0.38125,0.7181277476079648,7,202.36119633493945,"[888.23, 714.74, 709.29]"
378,210,270,3885780391,0.7474176968746573,0.7429341741115183,0.375,0.7356608478802993,7,201.4153724904172,"[907.74, 676.68, 758.46]"
381,189,210,2189758844,0.7430475781227263,0.7309496050707083,0.35,0.7742432016418677,7,204.68293161783367,"[911.92, 648.26, 676.68]"
342,268,217,853824339,0.7911602001321628,0.7708408068221153,0.3125,0.7775530839231547,8,202.45999755291268,"[857.68, 755.72, 686.18]"
363,247,224,1901191911,0.7540088963024743,0.745352608655361,0.375,0.7331319234642497,8,201.1906839683652,"[886.84, 727.01, 695.69]"
364,229,225,3136432889,0.7148195715533177,0.7086174145771669,0.475,0.6406619385342789,8,202.83873026398942,"[888.23, 702.49, 697.05]"
364,232,218,2784435894,0.7457288342725236,0.7361735352026615,0.46875,0.5876030992251937,8,205.3710505599156,"[888.23, 706.57, 687.54]"
364,237,223,633207260,0.8131160707980417,0.7955838417204599,0.3,0.7695390781563126,8,204.37936939578503,"[888.23, 713.38, 694.33]"
358,243,229,2671821949,0.7066538247443823,0.6883326985615094,0.44375,0.6790246329932819,8,201.22420076513663,"[879.89, 721.56, 702.49]"
370,211,237,587118476,0.7621152058741518,0.756056789664467,0.3625,0.7351324337831084,8,203.30454195616767,"[896.59, 678.04, 713.38]"
371,228,257,69780059,0.7935824151063968,0.7762328932977849,0.30625,0.7813223565731926,8,203.23599773598835,"[897.98, 701.13, 740.67]"
356,237,223,3719305835,0.7447381385543909,0.7338991885413959,0.4,0.71671388101983,8,201.80271949479356,"[877.11, 713.38, 694.33]"
366,235,220,3074387977,0.7537229764787271,0.7349251988931166,0.4125,0.6769308430085815,8,204.12142010824755,"[891.02, 710.65, 690.25]"
365,279,222,827465650,0.6658917342191593,0.6641809277484431,0.53125,0.6092064253176697,8,204.0607069223188,"[889.63, 770.79, 692.97]"
345,223,225,563991899,0.6947919901839186,0.6865575880105477,0.4875,0.631630648330059,8,202.6886418843642,"[861.84, 694.33, 697.05]"
393,231,208,1873991443,0.7648262548262548,0.7508365508365509,0.3875,0.702471003530005,8,203.3759245481342,"[928.68, 705.21, 673.97]"
370,229,238,745329883,0.7207263146555594,0.6925276934953949,0.44375,0.7002479152580573,9,202.05598240485415,"[896.59, 702.49, 714.74]"
363,211,223,1434902895,0.7730042800934905,0.7539167908100232,0.375,0.67982924226254,9,202.27697322890162,"[886.84, 678.04, 694.33]"
406,232,221,192929566,0.8160818742440167,0.7957740177109215,0.34375,0.6975756060984755,9,205.26678285887465,"[946.88, 706.57, 691.61]"
363,232,223,2252308831,0.7390246854883418,0.7209111634449303,0.43125,0.661553445337229,9,202.3465360631235,"[886.84, 706.57, 694.33]"
364,231,226,3295207101,0.7267498364308324,0.7227617548761296,0.4625,0.6263520157325466,9,202.66454077791423,"[888.23, 705.21, 698.41]"
364,231,232,2049519124,0.7437148902939767,0.7418013568163454,0.43125,0.6520193040386081,9,203.57883970672265,"[888.23, 705.21, 706.57]"
370,230,262,746440703,0.7095171614391512,0.6968383667083498,0.44375,0.6785806119825148,9,203.5864509548992,"[896.59, 703.85, 747.5]"
364,227,219,1341155755,0.7689958730441495,0.7568535178092495,0.3625,0.7271349166245579,9,204.2613221281208,"[888.23, 699.77, 688.9]"
373,230,252,304513676,0.7585430294231673,0.7403824104395741,0.4125,0.6658227848101266,9,203.16783454315737,"[900.77, 703.85, 733.84]"
361,214,227,1847889311,0.7378833269156719,0.732966243101014,0.425,0.6860133206470028,9,201.42900599492714,"[884.06, 682.11, 699.77]"
362,231,224,3408352281,0.8127984084880637,0.8048463748894783,0.2875,0.7816826411075612,9,202.53928198572248,"[885.45, 705.21, 695.69]"
364,246,196,1208909017,0.7244611417204274,0.6879806475602326,0.45,0.6755725190839694,9,202.88327775895596,"[888.23, 725.65, 657.72]"
364,234,224,2707884616,0.743322102425876,0.7343778077268643,0.4,0.6986166007905139,9,203.4289447576739,"[888.23, 709.29, 695.69]"
364,234,216,1203653448,0.715564910669561,0.7048685089330439,0.51875,0.562827879090682,9,204.71278684213758,"[888.23, 709.29, 684.82]"
381,251,239,1814615397,0.7735754906883365,0.7617871638550403,0.35,0.751219512195122,9,203.66566728195176,"[911.92, 732.47, 716.1]"
154,247,211,148112796,0.7312444083520295,0.7214304066361105,0.425,0.6867104598281961,9,207.41556993685663,"[601.11, 727.01, 678.04]"
363,233,224,3778191054,0.6994352134527801,0.6983209048596167,0.43125,0.6955974842767296,9,202.58249328192323,"[886.84, 707.93, 695.69]"
363,237,224,284395767,0.752361269468516,0.7377442702324095,0.4125,0.6659919028340081,9,202.8709358200431,"[886.84, 713.38, 695.69]"
359,211,225,795712525,0.7211837849894056,0.7028800044608007,0.43125,0.6820310574315998,10,203.3857295010239,"[881.28, 678.04, 697.05]"
365,233,226,147713682,0.7989219103584204,0.7990884839058063,0.30625,0.7798025816249051,10,205.94820743985474,"[889.63, 707.93, 698.41]"
364,232,223,200344765,0.7761120779141478,0.7696528159410555,0.36875,0.7017588580168239,10,206.3779367171228,"[888.23, 706.57, 694.33]"
367,232,225,825912675,0.7381283068783069,0.7379298941798942,0.4125,0.6894736842105262,10,206.49118635524064,"[892.41, 706.57, 697.05]"
363,221,222,3214044939,0.7551920585619583,0.7260682045278144,0.4,0.6715927750410509,10,206.9509923211299,"[886.84, 691.61, 692.97]"
363,220,225,137581874,0.7579128124907685,0.7324158179145971,0.38125,0.7020827840759294,10,206.3046762100421,"[886.84, 690.25, 697.05]"
381,230,219,789376540,0.7444210390238889,0.7394120396304779,0.4,0.6863935255437532,10,205.57695859437808,"[911.92, 703.85, 688.9]"
388,232,227,3446468687,0.7775094739578647,0.7630368992744131,0.35625,0.7178358788506343,10,205.65006448095664,"[921.69, 706.57, 699.77]"
365,261,228,1453820376,0.7995719498276367,0.7933795617184791,0.29375,0.7974878236349654,10,203.5971890958026,"[889.63, 746.14, 701.13]"
378,255,235,1765360824,0.7553164792266939,0.7416446814950393,0.38125,0.7119127952245003,10,203.74587851390243,"[907.74, 737.93, 710.65]"
427,207,222,2063248235,0.75001139658459,0.7372457999235136,0.3875,0.71,10,205.4861963330768,"[976.35, 672.62, 692.97]"
341,235,221,469844378,0.7413453257463173,0.7310250878650242,0.45,0.6310679611650485,10,205.0200469889678,"[856.29, 710.65, 691.61]"
355,280,224,2921013956,0.7440259674554424,0.7317454067519784,0.425,0.6816479400749065,10,202.62915724283084,"[875.72, 772.17, 695.69]"
348,218,216,1661563331,0.7186257366060321,0.697060210360703,0.425,0.6835443037974683,10,204.21307032182813,"[866.0, 687.54, 684.82]"
351,254,219,2609815085,0.7465212287300453,0.7387011749678709,0.34375,0.7950530035335689,11,203.44159503187984,"[870.16, 736.57, 688.9]"
355,246,223,1286768973,0.7777028256399993,0.7658809580126513,0.4,0.6625310173697271,11,206.97316714003682,"[875.72, 725.65, 694.33]"
368,216,220,1774140763,0.7305533431290424,0.7098667737786262,0.45,0.6430367018602312,11,201.8324197679758,"[893.8, 684.82, 690.25]"
319,266,220,2959796770,0.7541061140117744,0.7263499079536815,0.38125,0.7036048064085447,11,202.95370588684455,"[825.85, 752.98, 690.25]"
363,227,223,1188769246,0.7367278513736577,0.7288895036021064,0.44375,0.6445676833879506,11,207.77964360406622,"[886.84, 699.77, 694.33]"
365,214,224,2907754020,0.6901785714285714,0.6765476190476191,0.475,0.6475995914198162,11,207.94452051492408,"[889.63, 682.11, 695.69]"
370,225,231,369006128,0.7321525584662911,0.7140648568621281,0.45625,0.6401468788249693,11,202.4281557528302,"[896.59, 697.05, 705.21]"
371,260,244,2281200962,0.7828295419745428,0.7567281241084352,0.33125,0.7596034696406444,11,202.42503112135455,"[897.98, 744.77, 722.92]"
347,246,221,2692556207,0.732440081591025,0.7028216896141425,0.43125,0.6576953227070813,11,205.51575543684885,"[864.61, 725.65, 691.61]"
356,252,219,304656105,0.7919384145167501,0.7782306908612502,0.31875,0.769630914045083,11,208.5169115262106,"[877.11, 733.84, 688.9]"
364,231,224,2949106426,0.7452683097935404,0.743847134758692,0.41875,0.6745341614906832,11,202.65242522582412,"[888.23, 705.21, 695.69]"
364,231,223,2477689408,0.7831857474172464,0.7726298404666525,0.35,0.7184567257559958,11,203.92258456582204,"[888.23, 705.21, 694.33]"
366,281,225,257395547,0.7578866729713691,0.7545531387529051,0.35625,0.7558617355571671,11,205.72168282419443,"[891.02, 773.54, 697.05]"
337,234,215,1345262716,0.7355973342109594,0.7169518951236904,0.43125,0.6499078704922348,11,203.77549535082653,"[850.75, 709.29, 683.47]"
363,232,225,2089751260,0.8074090321907488,0.8012229983177879,0.30625,0.7590667004818665,11,202.69814541516826,"[886.84, 706.57, 697.05]"
365,231,225,912806738,0.7727999848944095,0.766602601923608,0.325,0.7711088504577823,11,207.05216182768345,"[889.63, 705.21, 697.05]"
364,262,223,1744036657,0.7268728427670917,0.719336909140996,0.38125,0.7443685143001773,12,203.91955872485414,"[888.23, 747.5, 694.33]"
361,243,263,1325161385,0.7680023967551622,0.745473820058997,0.35625,0.7476421106296203,12,204.2570124170743,"[884.06, 721.56, 748.87]"
347,245,227,298158312,0.782013471775292,0.7653921650100107,0.36875,0.7094611373230693,12,202.65995644312352,"[864.61, 724.28, 699.77]"
395,232,222,3216474522,0.7083046566009411,0.6838765553278097,0.46875,0.6262920752716671,12,200.8780459431,"[931.48, 706.57, 692.97]"
355,252,219,1352838024,0.7771385941644563,0.7726016799292662,0.35,0.7418073485600793,12,201.13190216897056,"[875.72, 733.84, 688.9]"
350,231,225,2008893964,0.7518682795698924,0.7493637992831541,0.3875,0.6997929606625259,12,210.23776344303042,"[868.78, 705.21, 697.05]"
357,230,217,2673953253,0.8208949322848407,0.8029696373962429,0.275,0.7896950578338591,12,207.8397212298587,"[878.5, 703.85, 686.18]"
362,252,226,2650988797,0.7814569976186114,0.7660439006862345,0.31875,0.7840655249441548,12,203.3665937562473,"[885.45, 733.84, 698.41]"
360,242,225,652511359,0.7530157288758843,0.7399242143970224,0.41875,0.6802538442762998,12,203.40389585588127,"[882.67, 720.19, 697.05]"
358,234,222,820116296,0.7762154773457894,0.7641709198930148,0.34375,0.7336436514093613,12,202.96519183926284,"[879.89, 709.29, 692.97]"
353,251,219,1211082617,0.7493279619117378,0.7438930598791431,0.3875,0.7049356223175965,12,207.48815016821027,"[872.94, 732.47, 688.9]"
353,254,219,127280734,0.7834083434308464,0.7516300271190353,0.33125,0.7691025946203285,12,207.22236952232197,"[872.94, 736.57, 688.9]"
392,232,224,3796711176,0.7350199820030765,0.7165604637155218,0.45,0.640950994662785,12,204.803074139636,"[927.28, 706.57, 695.69]"
359,230,225,798187159,0.7864814907874526,0.7778604087328205,0.34375,0.7258519087881117,12,205.0063377181068,"[881.28, 703.85, 697.05]"
366,213,225,1662179358,0.6640092165898619,0.6642089093701996,0.5,0.6314741035856574,12,201.0948266061023,"[891.02, 680.75, 697.05]"
362,299,225,4117605056,0.7272451760742158,0.7180130493947824,0.425,0.6924555502162422,12,203.34988236473873,"[885.45, 798.28, 697.05]"
334,249,218,4110473378,0.8001496819174477,0.7910858890712531,0.31875,0.7600404142460218,12,202.54990293970332,"[846.59, 729.74, 687.54]"
371,249,221,671783303,0.7834194188560766,0.7635292201060394,0.4125,0.6390243902439025,12,201.41889708815143,"[897.98, 729.74, 691.61]"
338,230,225,895416097,0.748735333139319,0.7408204251830554,0.38125,0.73053152039555,13,203.4563484680839,"[852.13, 703.85, 697.05]"
358,230,225,1784022604,0.7384855457334448,0.7313933149017182,0.49375,0.5873614713510964,13,206.24454848095775,"[879.89, 703.85, 697.05]"
354,235,219,2143778376,0.7862179487179486,0.7720985155195681,0.35,0.7332686711930165,13,199.10316585423425,"[874.33, 710.65, 688.9]"
355,248,216,4052215267,0.7772390109890109,0.7549221611721613,0.3875,0.6811160936721474,13,204.72320914734155,"[875.72, 728.38, 684.82]"
354,242,228,1192763127,0.7586315789473684,0.7784210526315789,0.3875,0.7185114503816794,13,203.64020527806133,"[874.33, 720.19, 701.13]"
350,236,220,3441817867,0.7821355866355867,0.7663118363118363,0.3875,0.669883189436262,13,201.6123053636402,"[868.78, 712.02, 690.25]"
355,230,221,3095121491,0.7667611808997691,0.7465654836227881,0.40625,0.6543022962402221,13,203.13804517220706,"[875.72, 703.85, 691.61]"
373,252,221,2688801092,0.6864034858413112,0.6832326585752497,0.44375,0.7043733203029563,13,204.8643837790005,"[900.77, 733.84, 691.61]"
352,251,219,4131040783,0.7752695100909387,0.7652115419972563,0.38125,0.7010130961205832,13,210.8671884071082,"[871.55, 732.47, 688.9]"
355,251,219,1946837017,0.8158083035194276,0.8041878137393571,0.325,0.7341211225997045,13,205.25068782828748,"[875.72, 732.47, 688.9]"
361,229,223,3601460857,0.8056453275736566,0.7923303640563106,0.33125,0.7101834618452539,13,202.7499637468718,"[884.06, 702.49, 694.33]"
359,231,218,2616340453,0.7613897171771935,0.7407156410951478,0.375,0.7061909758656874,13,203.41023142496124,"[881.28, 705.21, 687.54]"
354,226,217,2918172893,0.7921013807620951,0.78691576280862,0.3375,0.7424467558197128,13,208.01825143396854,"[874.33, 698.41, 686.18]"
336,252,217,4253839881,0.716802066220566,0.7230553218201975,0.425,0.6983184965380811,13,219.49822906730697,"[849.36, 733.84, 686.18]"
353,232,214,2332204998,0.7485612791370152,0.7165743884047535,0.41875,0.6577946768060836,13,222.31829458707944,"[872.94, 706.57, 682.11]"
350,242,229,1242204852,0.76505186232909,0.7466210906804966,0.40625,0.6782117415868337,13,212.6502058710903,"[868.78, 720.19, 702.49]"
358,249,228,2403099243,0.7509480435557773,0.7376243845078012,0.36875,0.7120921305182342,13,215.97580356383696,"[879.89, 729.74, 701.13]"
343,250,217,4170864106,0.750960935616108,0.738571256329877,0.4125,0.6855036855036856,13,217.33763443306088,"[859.06, 731.11, 686.18]"
365,250,219,1647459975,0.7492135602229629,0.7326263983067081,0.44375,0.6278037959083067,14,203.0165924099274,"[889.63, 731.11, 688.9]"
355,234,221,1817472853,0.7217628205128206,0.6872435897435898,0.4375,0.6767874632713027,14,207.88819386204705,"[875.72, 709.29, 691.61]"
358,226,222,914727030,0.7707389908822568,0.7575613496990357,0.41875,0.645859872611465,14,203.56354787712917,"[879.89, 698.41, 692.97]"
354,229,215,2021313365,0.7810191647108196,0.7662672075684804,0.375,0.7083130772970345,14,215.4205884579569,"[874.33, 702.49, 683.47]"
374,249,220,3604102607,0.7475556705319008,0.7448228518867956,0.4,0.6950000000000001,14,208.96848186617717,"[902.16, 729.74, 690.25]"
346,235,220,1551551154,0.8043121749168781,0.793222994230833,0.3,0.779559118236473,14,209.06944663310423,"[863.23, 710.65, 690.25]"
354,235,208,2460166972,0.7515717625448777,0.73476246138432,0.38125,0.7210354360392058,14,211.6529902042821,"[874.33, 710.65, 673.97]"
353,248,218,1833817975,0.8010762925598991,0.7958322824716267,0.2875,0.7944862155388471,14,214.58517300803214,"[872.94, 728.38, 687.54]"
371,235,221,4086504057,0.7708012532428471,0.764395299487725,0.35625,0.7274318579644912,14,207.3614532458596,"[897.98, 710.65, 691.61]"
349,237,227,3600361261,0.7168649949581987,0.7094882335147239,0.4375,0.6836381611468116,14,209.53989391075447,"[867.39, 713.38, 699.77]"
354,239,220,2118600267,0.800671892452014,0.790514963072811,0.33125,0.7421777221526908,14,205.47348467400298,"[874.33, 716.1, 690.25]"
369,252,218,2384413408,0.7135176524919447,0.7013320098166717,0.44375,0.671036359139253,14,209.3150359671563,"[895.19, 733.84, 687.54]"
355,209,227,90080435,0.737578947368421,0.7336842105263157,0.3625,0.7420741536808168,14,206.91239800397307,"[875.72, 675.33, 699.77]"
356,250,219,2442175516,0.7711544450644279,0.7583627464974545,0.375,0.7122302158273381,14,207.65154139976948,"[877.11, 731.11, 688.9]"
364,240,230,2263930618,0.7732850415291073,0.757131571343379,0.39375,0.6729088639200999,14,208.9358103708364,"[888.23, 717.47, 703.85]"
350,231,218,4277303979,0.72039240058389,0.7168270889547486,0.43125,0.6965419901199719,14,205.73327083000913,"[868.78, 705.21, 687.54]"
346,229,224,3949006944,0.747483660130719,0.754248366013072,0.45,0.6238397655105031,14,210.50548268062994,"[863.23, 702.49, 695.69]"
363,248,235,2954753381,0.7117013546660096,0.6868829381524125,0.45625,0.6793145654834761,15,211.568495715037,"[886.84, 728.38, 710.65]"
356,241,213,85226671,0.7611329573960549,0.7366866945775978,0.4,0.678407350689127,15,208.23321987176314,"[877.11, 718.83, 680.75]"
352,235,225,2992703519,0.7935318822489208,0.7853799344671556,0.3125,0.7723899059871351,15,207.90685632266104,"[871.55, 710.65, 697.05]"
347,235,202,3890726560,0.7017678290895247,0.6857635817064954,0.475,0.628291171915333,15,209.19214536529034,"[864.61, 710.65, 665.84]"
365,261,219,1647919202,0.7931444270453557,0.7722392892671531,0.35,0.7234791352438411,15,210.17427469603717,"[889.63, 746.14, 688.9]"
355,237,219,2941371737,0.7821838481211884,0.7623493343825825,0.35625,0.7164366373902133,15,205.44672463973984,"[875.72, 713.38, 688.9]"
352,256,219,4206791271,0.7540205782281981,0.7425037754043776,0.4,0.701419481155164,15,206.1653688279912,"[871.55, 739.3, 688.9]"
373,229,220,3459952518,0.6972756520503308,0.6934531668269801,0.525,0.571150097465887,15,210.07118764612824,"[900.77, 702.49, 690.25]"
354,250,218,2952395371,0.7080491551459293,0.6911930363543266,0.44375,0.6793145654834761,15,208.21151233417913,"[874.33, 731.11, 687.54]"
354,254,213,593210014,0.7737855773506406,0.7532876899079279,0.4,0.6719681908548708,15,204.5809825565666,"[874.33, 736.57, 680.75]"
354,225,220,2848151954,0.7313067435708944,0.7225609819949443,0.41875,0.6851418162893572,15,207.206171464175,"[874.33, 697.05, 690.25]"
368,241,242,1727637214,0.7608809389140272,0.7485270550527903,0.3375,0.7621564482029598,15,205.7348285582848,"[893.8, 718.83, 720.19]"
349,233,220,446832751,0.7205969345265635,0.7136255932001745,0.4875,0.5919395465994963,15,209.16494551906362,"[867.39, 707.93, 690.25]"
365,238,210,3089397070,0.7576429336698529,0.7283616516418112,0.3625,0.7518097207859359,15,204.6288792672567,"[889.63, 714.74, 676.68]"
352,236,227,818476156,0.7503601694915254,0.7244143850499782,0.425,0.6594892338507761,15,203.62779329810292,"[871.55, 712.02, 699.77]"
355,260,213,2280680893,0.7908099791208878,0.756096963356517,0.3625,0.7189922480620154,16,209.48016141494736,"[875.72, 744.77, 680.75]"
353,230,218,1817413798,0.7923539101105967,0.7890971840928701,0.35,0.71875,16,205.0924325659871,"[872.94, 703.85, 687.54]"
354,242,221,3996630684,0.7926282561409094,0.7867294020902966,0.33125,0.7550327431481931,16,203.1532990266569,"[874.33, 720.19, 691.61]"
352,243,222,3283016265,0.7209195595802285,0.7175569536426798,0.45,0.6575342465753424,16,205.76040954701602,"[871.55, 721.56, 692.97]"
366,236,226,1220042184,0.7811855203002654,0.775856919862963,0.36875,0.7192224622030238,16,203.4203969752416,"[891.02, 712.02, 698.41]"
353,239,240,2855371223,0.7895895451406991,0.7824454206415188,0.38125,0.6737235367372354,16,205.86188911972567,"[872.94, 716.1, 717.47]"
354,236,212,3950433809,0.7880467213388005,0.7753504517118379,0.33125,0.7516930022573364,16,206.0208963160403,"[874.33, 712.02, 679.4]"
355,241,219,12662432,0.7424540479424627,0.7242305991106643,0.4375,0.6577017114914425,16,206.92208714177832,"[875.72, 718.83, 688.9]"
366,262,252,784297418,0.6773644341295296,0.6720807518377592,0.40625,0.7540372670807454,16,202.14733745716512,"[891.02, 747.5, 733.84]"
353,234,208,441523432,0.7974583474445683,0.7770946329919195,0.35,0.7311569851176188,16,204.74842114001513,"[872.94, 709.29, 673.97]"
354,237,219,1452712232,0.7539185142324512,0.7360317483196823,0.4375,0.6430317848410758,16,210.44301739474759,"[874.33, 713.38, 688.9]"
354,252,219,822655738,0.762332128508273,0.7524991719827772,0.3875,0.6952767902488572,16,204.49114337423816,"[874.33, 733.84, 688.9]"
359,228,218,438440377,0.7526523977035648,0.7167222501408622,0.375,0.7164258962011771,16,201.89067346556112,"[881.28, 701.13, 687.54]"
359,271,220,4288802723,0.738881128561361,0.72673369911742,0.43125,0.6959851473659782,16,208.91188027430326,"[881.28, 759.83, 690.25]"
334,235,244,2539300324,0.7513977650890658,0.7479261521840028,0.4,0.7037744863831821,17,201.29038198990747,"[846.59, 710.65, 722.92]"
352,270,218,3173972890,0.786136320451687,0.7667128125782294,0.3375,0.7509765625,17,207.85724790068343,"[871.55, 758.46, 687.54]"
354,224,219,2334393636,0.740744210252407,0.7256847948651228,0.43125,0.657888259906473,17,203.80750527698547,"[874.33, 695.69, 688.9]"
355,231,213,3428796306,0.7624114998640914,0.750059440957039,0.38125,0.7132884567439541,17,204.85451320419088,"[875.72, 705.21, 680.75]"
352,258,217,3380720932,0.776995283018868,0.7690801886792453,0.3375,0.7466307277628033,17,209.2296068230644,"[871.55, 742.03, 686.18]"
350,231,220,2855532507,0.753988788203781,0.7355808736289641,0.375,0.7123068726691528,17,204.72954542003572,"[868.78, 705.21, 690.25]"
356,254,223,3653589010,0.7877237704189672,0.776769902802778,0.3625,0.7165200391006843,17,205.523665769957,"[877.11, 736.57, 694.33]"
352,234,225,2650605690,0.7839142941265582,0.76239395649773,0.375,0.6876574307304786,17,204.95811989577487,"[871.55, 709.29, 697.05]"
352,233,216,3486508211,0.7564004891055143,0.7600074158359231,0.34375,0.7535117943281209,17,203.3482396188192,"[871.55, 707.93, 684.82]"
352,235,216,1241222081,0.7304019398434629,0.7281568650193513,0.46875,0.6299832895679159,17,211.65120698790997,"[871.55, 710.65, 684.82]"
351,253,220,2893389360,0.7419948849104859,0.726462063086104,0.4375,0.6742671009771988,18,204.01682449597865,"[870.16, 735.2, 690.25]"
355,232,223,3524548113,0.758392580629048,0.76009257563396,0.3875,0.6929172857850421,18,203.7153664957732,"[875.72, 706.57, 694.33]"
356,258,226,3082772091,0.7261429101167829,0.7070073341272423,0.4375,0.6770988574267263,18,208.92025057598948,"[877.11, 742.03, 698.41]"
350,227,217,531580225,0.7118241369778098,0.6824815500473291,0.4625,0.6412096360840596,18,205.16817874414846,"[868.78, 699.77, 686.18]"
352,235,231,194168619,0.8122035088681576,0.8075370921935938,0.325,0.7306910569105691,18,203.21288573229685,"[871.55, 710.65, 705.21]"
352,242,213,129408934,0.715563779849494,0.6779542850971422,0.5375,0.5621797857475548,18,205.5692162066698,"[871.55, 720.19, 680.75]"
352,256,216,2022901931,0.7391393961815715,0.7284922850405647,0.4375,0.6514047866805411,18,203.6311947768554,"[871.55, 739.3, 684.82]"
366,235,225,2486185646,0.8308496008708273,0.8182202467343977,0.2875,0.7649463464486459,18,208.40741071430966,"[891.02, 710.65, 697.05]"
352,233,225,2423684499,0.7539817849208529,0.7409976571442836,0.41875,0.6543022962402221,18,204.87620923109353,"[871.55, 707.93, 697.05]"
355,250,217,4217866646,0.7215336081771037,0.7096001390936841,0.43125,0.6799801538079882,18,206.24628949258476,"[875.72, 731.11, 686.18]"
351,235,226,2785233979,0.7745000751992782,0.7703594525492555,0.38125,0.7022512708787219,18,207.11550326785073,"[870.16, 710.65, 698.41]"
352,251,218,188484931,0.7616473142641367,0.7513578149092168,0.3625,0.7394296951819075,18,203.71019093319774,"[871.55, 732.47, 687.54]"
354,229,225,788680502,0.7177342216690674,0.6913359704893824,0.55,0.5269631031220435,18,202.1857175170444,"[874.33, 702.49, 697.05]"
350,237,221,1533214054,0.6711495558509972,0.6612074229438677,0.51875,0.6021744502100321,19,208.40169422794133,"[868.78, 713.38, 691.61]"
356,247,222,2759652649,0.772418598507364,0.757213306034388,0.4125,0.6702230843840931,19,205.51660691015422,"[877.11, 727.01, 692.97]"
350,248,223,1318042019,0.7015564634957144,0.686817576250156,0.43125,0.7003273734575675,19,207.6475007450208,"[868.78, 728.38, 694.33]"
352,239,221,947242577,0.7676276867786302,0.7377652221991845,0.40625,0.6655770681418154,19,204.3660220769234,"[871.55, 716.1, 691.61]"
355,250,218,945643102,0.7380121263323178,0.7130819601250465,0.49375,0.6054807465154737,19,204.57719436194748,"[875.72, 731.11, 687.54]"
351,250,218,821814902,0.7742220090253349,0.751481126153336,0.4125,0.6362677912493411,19,205.30373745132238,"[870.16, 731.11, 687.54]"
354,254,217,2009501882,0.7756725920101797,0.7661944827366226,0.3625,0.7212366953877344,19,205.3577846447006,"[874.33, 736.57, 686.18]"
352,231,226,542438898,0.717232568270304,0.7224840498425404,0.45625,0.645859872611465,19,207.80524772964418,"[871.55, 705.21, 698.41]"
355,255,224,1406591951,0.7987547120189358,0.79449314748254,0.3125,0.7610751617720259,20,203.26188765419647,"[875.72, 737.93, 695.69]"
351,229,219,700725520,0.7478107844077386,0.7342051408065001,0.44375,0.6222166624968727,20,203.1550233308226,"[870.16, 702.49, 688.9]"
372,235,225,1227688448,0.722659151193634,0.7188549955791335,0.39375,0.7238408918165695,20,204.83621002174914,"[899.37, 710.65, 697.05]"
345,235,225,4034440428,0.7492694277095708,0.7365968449247564,0.4375,0.6555070354196992,20,201.80063617881387,"[861.84, 710.65, 697.05]"
354,235,225,2533588948,0.827149223325694,0.8136830489771666,0.31875,0.726412682178471,20,209.0608552559279,"[874.33, 710.65, 697.05]"
350,235,226,3160025511,0.7514359165172682,0.7364949430030782,0.41875,0.6791314837153197,20,206.2547497698106,"[868.78, 710.65, 698.41]"
352,235,224,3550190418,0.7346130650841898,0.7267267518027397,0.44375,0.6613781671797301,20,203.38324342202395,"[871.55, 710.65, 695.69]"
351,245,227,2304735265,0.7101382062258865,0.6950786603949757,0.45,0.6761720637989366,20,208.12450660485774,"[870.16, 724.28, 699.77]"
355,240,216,4014663106,0.7314940627125981,0.7299528933968293,0.41875,0.6962332928311057,20,203.66584568098187,"[875.72, 717.47, 684.82]"
351,235,216,649005069,0.7235531921645189,0.7192397034079825,0.46875,0.6222166624968726,20,205.11154569219798,"[870.16, 710.65, 684.82]"
355,250,227,1175625458,0.7005281562022224,0.6743187078810035,0.48125,0.6494156928213689,20,210.9766897992231,"[875.72, 731.11, 699.77]"
355,251,228,2521803832,0.7643549715483677,0.7505365878007387,0.35,0.7493606138107417,20,204.3391535328701,"[875.72, 732.47, 701.13]"
355,299,243,2725357996,0.6830851063829787,0.647340425531915,0.5125,0.6461397058823528,20,202.99620504165068,"[875.72, 798.28, 721.56]"
343,199,257,976905246,0.7074584565134465,0.6865518111450187,0.44375,0.6680161943319838,20,204.34525385778397,"[859.06, 661.78, 740.67]"
355,258,219,55097362,0.7129808217890188,0.7003170860226339,0.4375,0.6820512820512821,21,207.25035284180194,"[875.72, 742.03, 688.9]"
352,252,223,3028942368,0.7731171087218119,0.759569900051423,0.4,0.6856581532416504,21,204.30071554426104,"[871.55, 733.84, 694.33]"
352,237,226,2205352964,0.7462042762813121,0.7470425881284282,0.36875,0.7437149133512326,21,202.58870780281723,"[871.55, 713.38, 698.41]"
356,252,217,3881198310,0.7236577214170297,0.696749243239084,0.4375,0.6866096866096866,21,204.51385706011206,"[877.11, 733.84, 686.18]"
348,233,227,2426282490,0.7388711370896438,0.7181639677989788,0.4375,0.6504559270516718,21,207.02231397898868,"[866.0, 707.93, 699.77]"
349,235,225,2069565997,0.7807740424712902,0.7879402707384359,0.34375,0.7421203438395415,21,203.47961430298164,"[867.39, 710.65, 697.05]"
356,235,225,3550944359,0.7493448781381711,0.7486917923971249,0.40625,0.6825806451612904,21,208.44749173894525,"[877.11, 710.65, 697.05]"
366,262,225,3104252108,0.8700979843225085,0.8763610130071496,0.1875,0.8711063372717508,21,206.80471632583067,"[891.02, 747.5, 697.05]"
352,244,225,2764503993,0.7520420276455615,0.7496022098186259,0.40625,0.6919718651467378,21,203.28715647989884,"[871.55, 722.92, 697.05]"
354,244,223,3146113118,0.8000936351552115,0.7959893919253525,0.35625,0.7031678722873534,21,207.19794408325106,"[874.33, 722.92, 694.33]"
366,235,243,786230613,0.7919897427887118,0.7748082196535805,0.31875,0.778343949044586,21,205.67906190594658,"[891.02, 710.65, 721.56]"
360,251,222,3747747935,0.7256611088098025,0.707484986330169,0.4875,0.6236059479553904,22,206.86817460833117,"[882.67, 732.47, 692.97]"
360,234,221,2522962094,0.7323399528061636,0.7244485986394108,0.475,0.6035678889990089,22,204.60888070380315,"[882.67, 709.29, 691.61]"
346,230,219,2391038774,0.8110242215863901,0.8083598546259809,0.31875,0.7351504242735922,22,204.94369243085384,"[863.23, 703.85, 688.9]"
357,255,224,90819053,0.8110691391941393,0.8153235653235653,0.3125,0.7518097207859359,22,206.04245854867622,"[878.5, 737.93, 695.69]"
346,252,225,102730904,0.7303246753246754,0.7266233766233767,0.475,0.6061814556331007,22,204.1669470500201,"[863.23, 733.84, 697.05]"
371,261,222,1268663060,0.7682224479991581,0.7494648407593575,0.39375,0.6693569382973183,22,205.02190900407732,"[897.98, 746.14, 692.97]"
355,257,219,3498479530,0.6935678095138087,0.6885428698939411,0.475,0.6483407627538386,22,202.94611075427383,"[875.72, 740.67, 688.9]"
369,233,221,3233624336,0.7689005416818095,0.7604494401467561,0.33125,0.7645536869340233,22,202.9710339549929,"[895.19, 707.93, 691.61]"
351,252,222,126633056,0.8021053618411029,0.7865357164353854,0.31875,0.7511134398742467,22,208.95499464822933,"[870.16, 733.84, 692.97]"
355,250,219,590091108,0.7907785481938024,0.7777706442960679,0.38125,0.6669209255021611,22,203.20834156498313,"[875.72, 731.11, 688.9]"
368,241,224,2587504495,0.720308152551952,0.7005627228067124,0.4375,0.6873473375671715,22,204.75984766008332,"[893.8, 718.83, 695.69]"
353,244,232,820190974,0.7679359619264836,0.7490809449475007,0.3625,0.7233400402414487,22,207.3209052318707,"[872.94, 722.92, 706.57]"
355,251,216,69020755,0.7129253803721889,0.7042583500030308,0.5,0.6159317211948792,22,204.73450404871255,"[875.72, 732.47, 684.82]"
361,242,226,3658324283,0.7623000602110002,0.7457612328420464,0.34375,0.776173285198556,22,207.16834745416418,"[884.06, 720.19, 698.41]"
359,243,235,431447265,0.7762646029391314,0.7640913533602214,0.38125,0.689158453373768,22,207.78587661636993,"[881.28, 721.56, 710.65]"
347,226,233,106929035,0.7340332767722474,0.7242057880844646,0.4125,0.70703125,23,206.67604828020558,"[864.61, 698.41, 707.93]"
357,246,220,2115169645,0.7468963697762769,0.7294632052905586,0.40625,0.709700259617654,23,208.0318124340847,"[878.5, 725.65, 690.25]"
351,251,218,2394425636,0.7754951307938676,0.7658692223902193,0.35,0.7342026078234704,23,209.98427376011387,"[870.16, 732.47, 687.54]"
354,251,222,1422184532,0.7840354227701619,0.7645511771482915,0.34375,0.7281905254983174,23,205.89844937901944,"[874.33, 732.47, 692.97]"
358,248,216,3681240087,0.769324688393147,0.7610194320937644,0.40625,0.6505993369038511,23,206.24907702486962,"[879.89, 728.38, 684.82]"
355,245,237,1513240058,0.7217304625199362,0.694843168527379,0.45,0.6500739280433712,23,207.94773162715137,"[875.72, 724.28, 713.38]"
357,243,214,3698222414,0.7856614858636423,0.7577157792791216,0.39375,0.676320272572402,23,205.8590884245932,"[878.5, 721.56, 682.11]"
356,250,239,1001059781,0.7736091954022989,0.7537931034482759,0.3375,0.7486910994764397,23,203.88711765687913,"[877.11, 731.11, 716.1]"
360,252,219,4007591658,0.7379814612541707,0.7349049122439514,0.39375,0.7245508982035929,23,204.85059703001752,"[882.67, 733.84, 688.9]"
363,231,220,1044304219,0.7703510401342972,0.7467457135184318,0.3625,0.7232008052340211,23,204.1105879722163,"[886.84, 705.21, 690.25]"
356,248,221,1325762029,0.7551610387436468,0.7373716465991323,0.40625,0.6742754552449346,23,207.99747663037851,"[877.11, 728.38, 691.61]"
359,249,237,525923482,0.7462595335163767,0.7449760102060625,0.3875,0.7231665857212239,23,202.47480607638136,"[881.28, 729.74, 713.38]"
354,241,219,3829029688,0.7233346804068161,0.7031414876181495,0.50625,0.5913064020789038,24,201.52109463280067,"[874.33, 718.83, 688.9]"
357,252,213,809946810,0.671926752192059,0.6867522552667223,0.4375,0.7168857431749243,24,204.7125636311248,"[878.5, 733.84, 680.75]"
355,252,224,3749084949,0.7892904809125552,0.7832676400088976,0.31875,0.7582531842994541,24,202.94570508785546,"[875.72, 733.84, 695.69]"
353,242,217,2235430694,0.7022169540229886,0.7057064176245211,0.475,0.65565379246161,24,204.30997910909355,"[872.94, 720.19, 686.18]"
357,240,215,1246833184,0.7866897323501096,0.7850336944676567,0.3875,0.672544080604534,24,210.87390474183485,"[878.5, 717.47, 683.47]"
354,253,217,593426712,0.7368653602880357,0.7325238408018295,0.45,0.6395061728395062,24,203.74123615724966,"[874.33, 735.2, 686.18]"
352,246,216,3671347155,0.7894171819671264,0.7751374134559483,0.3375,0.7395833333333333,24,204.9836622979492,"[871.55, 725.65, 684.82]"
355,247,215,1637186656,0.8328094133361453,0.8116905105041772,0.29375,0.7620799607554575,24,203.2875123419799,"[875.72, 727.01, 683.47]"
353,250,217,2645722276,0.7368134840713857,0.7219385317248035,0.4375,0.647239263803681,24,208.42328862426803,"[872.94, 731.11, 686.18]"
327,243,218,3057606097,0.7721443687891056,0.7556572813151761,0.3625,0.7268588770864947,24,203.37873487640172,"[836.91, 721.56, 687.54]"
357,251,216,2235730493,0.7726209355533064,0.7620329031989236,0.375,0.7080653142008907,24,208.64565883763134,"[878.5, 732.47, 684.82]"
354,242,216,1285752701,0.7430370789385641,0.7252639175402025,0.4375,0.649390243902439,24,209.18400055216625,"[874.33, 720.19, 684.82]"
356,251,218,38351509,0.7693983710235542,0.7621835425519707,0.39375,0.6707285455016853,24,204.34752172976732,"[877.11, 732.47, 687.54]"
354,249,239,903043494,0.7616379394760756,0.7514627169962085,0.41875,0.677722888732063,24,203.18046733178198,"[874.33, 729.74, 716.1]"
357,251,215,324949752,0.7830134329222396,0.7765570416690792,0.36875,0.6898618712535836,25,207.39355872524902,"[878.5, 732.47, 683.47]"
354,251,219,1126388586,0.790208003623873,0.7694456422727143,0.3375,0.7309644670050761,25,205.1400168510154,"[874.33, 732.47, 688.9]"
343,261,218,3695039249,0.8186571556317979,0.8061689417719055,0.31875,0.7349154253976269,25,205.90247177472338,"[859.06, 746.14, 687.54]"
367,273,218,2373039242,0.7174680041508129,0.7251585379914678,0.4375,0.6980956804458895,25,205.52467828104272,"[892.41, 762.57, 687.54]"
355,249,220,2300581232,0.6955793896505971,0.6981878716398839,0.46875,0.6411300585390685,25,204.91425786307082,"[875.72, 729.74, 690.25]"
362,247,209,1081278928,0.7230801846628336,0.706708669741607,0.44375,0.6537573736855604,25,205.21644356986508,"[885.45, 727.01, 675.33]"
354,250,215,1913443795,0.7000141467848888,0.6968412280442742,0.48125,0.6212691246551292,25,205.7342487401329,"[874.33, 731.11, 683.47]"
353,246,216,1317941236,0.740446549259393,0.7110858403572464,0.41875,0.7022847911377799,25,205.31221236893907,"[872.94, 725.65, 684.82]"
355,251,218,1754851672,0.7942459716483582,0.7898265768317467,0.33125,0.7402256625557596,25,203.18220451008528,"[875.72, 732.47, 687.54]"
356,244,216,2224137691,0.8081767860200063,0.7973431041651381,0.31875,0.743979721166033,25,207.6252271621488,"[877.11, 722.92, 684.82]"
354,239,221,2461518457,0.7862835949092348,0.7777825495485533,0.3375,0.7569444444444444,25,203.82006918033585,"[874.33, 716.1, 691.61]"
352,244,215,1387317688,0.7404671297143869,0.7147463185151117,0.43125,0.6803652968036529,25,202.83666999498382,"[871.55, 722.92, 683.47]"
354,248,224,49875386,0.737457786853059,0.7249352077279511,0.4,0.6988577362409139,25,209.84071452496573,"[874.33, 728.38, 695.69]"
355,244,213,2180988415,0.7270665186978746,0.7134971078827012,0.48125,0.6100073583517293,25,203.906085152179,"[875.72, 722.92, 680.75]"
355,254,225,1304221334,0.736159447821682,0.7224185241472475,0.39375,0.6989422294548413,25,205.2987059871666,"[875.72, 736.57, 697.05]"
